site,wildtype,AAA,AAC,AAG,AAT,ACA,ACC,ACG,ACT,AGA,AGC,AGG,AGT,ATA,ATC,ATG,ATT,CAA,CAC,CAG,CAT,CCA,CCC,CCG,CCT,CGA,CGC,CGG,CGT,CTA,CTC,CTG,CTT,GAA,GAC,GAG,GAT,GCA,GCC,GCG,GCT,GGA,GGC,GGG,GGT,GTA,GTC,GTG,GTT,TAA,TAC,TAG,TAT,TCA,TCC,TCG,TCT,TGA,TGC,TGG,TGT,TTA,TTC,TTG,TTT
1,ATC,0,3,0,0,0,2,0,0,0,2,0,0,1,468289,37,9,0,0,0,0,0,0,0,0,0,0,0,0,0,44,0,52,0,0,0,0,0,0,0,0,0,0,0,0,0,50,0,95,0,0,0,0,0,0,0,0,0,0,0,0,0,0,0,0
2,AGG,0,0,0,0,0,0,0,0,9,1,472573,3,0,0,7,0,0,0,0,0,0,0,0,0,52,0,131,0,0,0,0,0,0,0,0,0,0,0,0,0,0,0,311,0,0,0,0,0,0,0,0,0,0,0,0,0,0,0,19,0,0,0,0,0
3,TGC,0,0,0,0,0,0,0,0,0,0,0,0,0,0,0,0,0,0,0,0,0,0,0,0,0,8,0,0,0,0,0,0,0,0,0,0,0,0,0,0,0,0,0,0,0,0,0,0,0,48,0,0,0,0,0,0,4,473529,0,194,0,57,0,0
4,ATT,0,0,0,1,0,0,0,89,0,0,0,0,0,114,0,473217,0,0,0,0,0,0,0,0,0,0,0,0,0,0,0,0,0,0,0,0,0,0,0,0,0,0,0,0,0,0,0,47,0,0,0,0,0,0,0,0,0,0,0,0,0,0,0,1
5,GGA,0,0,0,0,0,0,0,0,8,0,0,0,0,0,0,0,0,0,0,0,0,0,0,0,0,0,0,0,0,0,0,0,0,0,0,0,1,0,0,0,472494,1,17,74,5,0,0,0,0,0,0,0,0,0,0,0,11,0,0,0,0,0,0,0
6,GTC,0,0,0,0,0,0,0,0,0,0,0,0,1,195,0,32,0,0,0,0,0,0,0,0,0,0,0,0,0,1,0,0,0,0,0,0,0,3,0,0,0,0,0,0,64,473459,0,89,0,0,0,0,0,0,0,0,0,0,0,0,0,59,0,0
7,AGC,0,225,0,0,0,0,0,0,4,472619,0,261,0,3,0,0,0,0,66,0,0,0,0,0,0,1,0,0,0,0,0,0,0,0,0,0,0,149,61,0,0,43,0,37,0,0,0,0,0,0,0,0,0,0,0,0,0,1,0,0,0,0,0,0
8,AAT,0,6,0,471690,0,0,0,0,0,0,0,0,0,0,0,0,0,0,198,0,0,0,0,0,0,0,0,0,0,0,0,0,0,0,0,14,0,0,0,0,0,0,0,0,0,0,0,0,0,0,0,0,0,0,0,0,0,0,0,0,0,0,0,0
9,AGA,7,0,0,0,0,0,0,0,472464,1,34,7,7,0,0,0,0,0,0,0,0,0,0,0,29,0,0,60,0,0,0,0,0,0,0,0,0,0,0,0,167,0,0,0,0,0,0,0,0,0,0,0,0,0,0,0,2,0,0,0,0,0,0,0
10,GAC,0,6,0,0,0,0,0,0,0,0,0,0,0,0,0,0,0,0,0,0,0,0,0,0,0,0,0,0,0,0,0,0,0,472502,0,71,0,0,0,0,0,6,0,0,0,0,0,0,0,1,0,0,0,0,0,0,0,0,0,0,0,0,0,0
11,TTC,0,0,0,0,0,0,0,0,0,0,0,0,0,0,0,0,0,0,0,0,0,0,0,0,0,0,0,0,0,2,0,0,0,0,0,0,0,0,0,0,0,0,0,0,0,0,0,0,0,0,0,0,0,91,0,0,0,0,0,0,0,464625,1,2276
12,GTG,0,0,0,0,0,0,0,0,0,0,0,0,0,0,29,0,0,0,0,0,0,0,0,0,0,0,0,0,0,0,1,0,0,0,0,0,0,0,8,0,0,0,0,0,161,0,472373,101,0,0,0,0,0,0,0,0,0,0,0,0,0,0,4,0
13,GAG,0,0,2,0,0,0,0,0,0,0,0,0,0,0,0,0,0,0,0,0,0,0,0,0,0,0,0,0,0,0,0,0,7,1,473402,9,0,0,0,0,0,0,49,0,0,0,0,0,0,0,3,0,0,0,0,0,0,0,0,0,0,0,0,0
14,GGC,0,0,0,0,0,0,0,0,0,9,0,0,0,0,0,0,0,0,0,0,0,0,0,0,0,0,0,0,0,0,0,0,0,139,0,0,0,1,0,0,1,472464,0,192,0,4,0,0,0,0,0,0,0,0,0,0,0,3,0,0,0,0,0,0
15,ATG,0,0,0,0,0,0,82,0,0,0,0,0,132,0,472725,9,0,0,0,0,0,0,0,0,0,0,0,0,0,0,0,0,0,0,0,0,0,0,0,0,0,0,0,0,0,0,16,0,0,22,0,0,0,0,0,0,0,0,0,0,0,0,0,0
16,TCA,0,0,0,0,0,0,0,0,0,6,0,0,0,0,0,0,0,49,0,0,39,0,0,2,0,0,0,0,0,0,0,0,0,0,0,0,0,0,0,0,0,0,0,0,0,0,0,0,1,0,0,0,473167,5,167,1,0,0,0,0,38,0,0,0
17,GGT,0,0,0,0,0,0,0,0,0,0,0,8,0,0,0,0,0,0,0,0,0,0,0,0,0,0,0,2,0,0,0,0,0,0,0,16,0,0,0,1,96,235,0,472228,0,0,0,4,0,0,0,0,0,0,0,0,0,0,0,11,0,0,0,0
18,GGG,0,0,0,0,0,0,0,0,0,0,13,0,0,0,0,0,0,0,0,0,0,0,0,0,0,0,0,0,0,0,0,0,0,0,20,0,0,0,70,0,190,0,469738,2,0,0,12,0,0,0,0,0,0,0,0,0,0,0,3,0,0,0,0,0
19,ACC,0,57,0,0,77,473483,0,94,0,1,0,0,0,68,0,0,0,0,0,0,0,0,0,0,0,0,0,0,0,0,0,0,0,0,0,0,0,9,0,0,0,0,0,0,0,0,0,0,0,0,0,0,0,0,0,0,0,0,0,0,0,0,0,0
20,TGG,0,0,0,0,0,0,0,0,0,0,6,0,0,0,0,0,0,0,0,0,0,0,0,0,0,0,152,0,0,0,0,0,0,0,0,0,0,0,0,0,0,0,6,0,0,0,0,0,0,0,2,0,0,0,0,0,1,2,464947,6,0,0,6,0
21,GTT,0,0,0,0,0,0,0,0,0,0,0,0,0,0,0,9,0,0,0,0,0,0,0,0,0,0,0,0,0,99,22,0,0,0,0,0,0,0,0,6,0,0,0,0,94,53,46,467390,0,0,0,0,0,0,0,0,0,0,0,0,53,0,0,3
22,GAT,0,0,0,32,0,0,0,0,0,0,0,0,0,0,0,0,0,0,0,0,0,0,0,0,0,0,0,0,0,0,0,0,0,82,0,472399,0,0,0,0,0,0,0,15,0,0,0,0,0,0,0,1,0,0,0,0,0,0,0,0,0,0,0,0
23,GTT,0,0,0,0,0,0,0,0,0,0,0,0,0,62,0,74,0,0,0,0,0,0,0,0,0,0,0,0,0,0,0,1,0,0,0,39,0,0,0,133,0,0,0,0,23,42,0,473273,0,0,0,0,0,0,0,0,0,0,0,0,0,0,0,4
24,GTC,0,0,0,0,0,0,0,0,0,0,0,0,0,11,0,0,0,0,0,0,0,0,0,0,0,0,0,0,0,0,0,0,0,0,0,0,0,60,0,0,0,0,0,0,58,473502,0,7,0,0,0,0,0,0,0,0,0,0,0,0,0,3,0,0
25,TTG,0,0,0,0,0,0,0,0,0,0,0,0,0,0,2,0,0,0,0,0,0,0,0,0,0,0,0,0,0,91,116,55,0,0,0,0,0,0,0,0,0,0,0,0,0,0,5,0,0,0,0,0,0,0,108,0,0,0,0,0,6,5,472420,8
26,GAA,9,0,0,0,0,0,0,0,0,0,0,0,0,0,0,0,0,0,0,0,0,0,0,0,0,0,0,0,0,0,0,0,473548,0,6,0,0,0,0,0,41,0,0,0,2,0,0,0,61,0,0,0,0,0,0,0,0,0,0,0,0,0,0,0
27,CAT,0,0,0,4,161,44,0,51,0,0,0,0,0,0,0,0,0,110,26,472851,0,0,0,0,0,0,0,14,0,111,0,0,0,0,0,0,0,41,0,0,0,0,0,0,0,0,0,0,0,0,0,60,0,0,0,0,0,0,0,0,0,0,0,0
28,GGA,0,0,0,0,0,0,0,0,13,0,0,0,0,0,0,0,0,0,0,0,0,0,0,0,1,0,0,0,0,0,0,0,9,0,0,88,50,0,0,0,473119,2,180,28,8,0,0,0,0,0,0,0,0,0,0,0,13,0,0,0,0,0,0,0
29,GGC,0,0,0,0,207,0,0,57,0,387,0,0,0,0,170,0,47,0,56,0,0,0,0,0,0,1,0,0,246,96,129,157,0,78,64,0,0,355,66,48,112,470471,0,26,0,4,0,32,0,0,0,0,49,192,47,39,0,119,0,0,167,0,142,0
30,TGC,0,0,0,0,0,0,0,0,0,6,0,0,0,0,0,0,0,0,0,0,0,0,0,0,0,67,0,0,0,0,0,0,0,0,0,0,0,0,0,0,0,1,0,0,0,0,0,0,0,19,0,0,0,0,0,0,2,469208,0,2781,0,4,0,0
31,GTT,0,0,0,0,0,0,0,0,0,0,0,0,0,0,0,17,0,0,0,0,0,0,0,0,0,0,0,0,0,201,0,0,0,0,0,0,0,0,0,5,0,0,0,0,0,16,74,473101,0,0,0,0,0,0,0,0,0,0,0,0,0,0,0,3
32,ACC,0,2,0,0,150,466178,993,224,0,1,0,0,0,42,1,0,0,0,0,0,0,0,0,0,0,0,0,0,0,0,0,0,0,0,0,0,0,34,0,0,0,0,0,0,0,0,0,0,0,0,0,0,0,0,0,0,0,0,0,0,0,0,0,0
33,GTG,0,0,0,0,0,0,0,0,0,0,0,0,0,0,41,0,0,0,0,0,0,0,0,0,0,0,0,0,0,0,3,0,0,0,0,0,0,0,53,0,0,0,0,0,45,50,468595,55,0,0,0,0,0,0,0,0,0,0,0,0,0,0,3,0
34,ATG,0,0,0,0,0,0,58,42,0,0,0,0,7,0,470050,101,0,0,0,0,0,0,0,0,0,0,0,0,0,0,0,0,0,0,0,0,0,0,0,0,0,0,0,0,0,0,24,0,0,0,0,0,0,0,0,0,0,0,0,0,0,0,53,0
35,GCA,0,0,0,0,179,0,0,0,0,0,0,0,0,0,0,0,0,0,0,0,0,0,0,0,0,0,0,0,0,0,0,0,1,0,0,0,470728,0,15,0,0,0,0,0,158,0,0,0,0,0,0,0,7,0,0,0,0,0,0,0,0,0,0,0
36,CAG,0,0,4,0,74,33,0,0,0,0,0,0,0,0,0,0,6,0,471490,114,0,0,12,0,0,0,1229,0,0,0,6,35,0,0,1,0,0,0,0,0,0,0,0,0,0,0,0,0,0,0,15,0,0,0,0,0,0,0,0,0,0,0,0,0
37,GAC,0,64,0,0,0,0,0,0,0,64,0,0,0,0,0,0,0,308,0,0,0,0,0,0,0,0,0,0,0,0,0,53,1,470264,0,66,0,114,0,0,0,131,82,0,0,0,0,0,0,7,0,0,0,0,0,0,0,0,0,0,0,0,0,0
38,AAG,123,1,471715,53,0,0,9,0,0,0,120,0,0,0,8,0,0,0,0,0,0,0,0,0,0,240,0,0,0,0,0,0,0,0,49,0,0,0,0,0,0,0,0,0,0,0,0,0,0,0,0,0,0,0,0,0,0,0,0,0,0,0,0,0
39,CCA,0,0,0,0,3,0,0,0,0,0,0,0,0,0,0,0,0,0,0,0,470526,123,28,0,0,0,0,0,2,0,0,0,0,0,0,0,0,0,0,0,0,0,0,0,0,0,0,0,0,0,0,0,30,0,0,0,0,0,0,0,0,0,0,0
40,ACA,2,0,0,0,470417,67,55,19,1,0,0,0,121,0,0,0,0,0,0,0,54,0,0,0,0,0,0,0,0,0,0,0,0,0,0,0,13,0,0,0,0,0,0,0,0,0,0,0,0,0,0,0,0,0,0,0,0,0,0,0,0,0,0,0
41,GTT,0,0,0,0,0,0,0,0,0,0,0,0,0,0,107,11,0,0,0,0,0,0,0,0,0,0,0,0,0,0,0,0,0,0,0,1,0,0,0,7,0,0,0,0,63,28,255,464297,0,0,0,0,0,0,0,0,0,0,0,0,0,0,58,55
42,GAC,0,3,0,0,0,0,0,0,0,0,0,0,0,0,0,0,0,0,0,0,0,0,0,0,0,0,0,0,0,0,0,0,1,469265,1,72,0,0,0,0,0,26,0,0,0,0,0,0,0,1,0,0,0,0,0,0,0,0,0,0,0,0,0,0
43,ATA,0,0,0,0,127,0,0,0,0,0,0,0,465156,0,255,60,0,0,0,0,0,0,0,0,0,0,0,0,0,0,0,0,0,0,0,0,0,0,0,0,0,0,0,0,73,0,0,0,0,0,0,0,0,0,0,0,0,0,0,0,0,0,0,0
44,GAG,0,0,0,0,0,0,0,0,0,0,0,0,0,0,0,0,0,0,0,0,0,0,0,0,0,0,0,0,0,0,0,0,115,0,470175,8,0,0,0,0,0,0,23,0,0,0,4,0,0,0,1,0,0,0,0,0,0,0,0,0,0,0,0,0
45,TTG,0,0,0,0,0,0,0,0,0,0,0,0,0,0,0,0,0,0,0,0,0,0,0,0,0,0,0,0,46,0,72,0,0,0,0,0,0,0,0,0,0,0,0,0,0,0,1,48,0,0,0,0,0,0,18,0,0,0,0,0,64,1,464825,5
46,GTC,0,0,0,0,56,54,0,0,0,0,0,0,0,68,0,0,0,0,0,0,0,0,0,0,0,0,0,0,0,2,0,0,0,8,0,0,0,17,0,0,0,0,0,0,3,469951,39,45,0,0,0,0,0,0,0,0,0,0,0,0,0,0,0,0
47,ACG,0,0,419,0,34,0,470227,3,0,0,0,0,0,0,580,0,42,0,0,0,0,0,0,0,0,0,0,0,0,0,0,0,0,70,0,0,0,44,151,0,0,0,0,58,0,0,0,0,0,0,0,0,0,0,0,0,0,0,0,0,0,0,0,0
48,ACG,0,0,42,0,115,0,473463,2,0,0,0,0,0,18,81,0,0,0,0,0,0,0,0,0,0,0,0,0,0,0,0,0,0,0,0,0,0,52,61,0,0,0,0,0,0,0,0,0,0,0,0,0,0,48,0,0,0,0,0,0,0,0,0,0
49,ACG,1,0,982,0,20,106,472021,7,0,0,0,0,0,0,141,0,0,63,49,0,0,0,0,0,0,70,0,94,0,0,0,0,0,0,0,0,134,83,64,51,53,0,0,0,0,38,128,0,0,0,0,0,0,90,1,31,0,0,0,0,0,0,0,0
50,GTT,0,0,0,0,57,0,0,0,0,0,0,1,0,0,0,38,0,0,0,0,0,0,0,0,0,0,0,0,0,0,0,0,0,0,0,0,0,0,0,144,0,0,0,0,1,90,0,473785,0,0,0,0,0,0,0,0,0,0,0,0,0,0,0,6
51,AGT,0,1,0,1,0,0,0,0,0,11,45,473955,0,0,0,2,0,0,0,0,0,0,0,0,0,0,0,1,0,0,0,0,0,0,0,0,0,0,0,0,0,0,0,47,0,0,0,0,0,0,0,0,0,0,0,0,0,0,0,2,0,0,0,0
52,AAC,4,474110,1,13,0,0,0,0,0,21,0,0,0,0,0,0,0,95,0,38,0,0,0,0,0,0,0,0,0,0,0,0,0,20,0,0,0,0,0,0,0,0,0,59,0,0,0,0,0,0,0,0,0,0,0,0,0,0,0,0,0,0,0,0
53,ATG,0,0,54,0,0,0,398,0,0,0,0,0,21,0,472783,10,0,0,0,0,0,0,0,0,0,0,0,0,0,0,158,63,0,0,0,0,0,0,0,0,0,0,0,0,0,0,37,0,0,0,0,0,0,0,0,0,0,0,0,0,188,0,77,0
54,GCC,0,0,0,0,0,20,0,0,0,0,0,0,0,0,0,0,0,0,0,0,0,0,0,0,0,0,0,0,0,0,0,0,0,1,0,0,1596,472117,1,224,0,3,0,0,0,58,0,0,0,0,0,0,0,4,0,0,0,0,0,0,0,0,0,0
55,GAG,0,0,28,0,54,177,62,0,0,0,0,0,12,120,0,0,58,0,29,0,0,0,0,0,0,0,0,0,0,0,0,0,119,0,472733,55,0,0,0,0,0,0,25,0,63,11,0,45,0,0,5,0,70,0,0,0,0,0,0,0,0,0,0,0
56,GTA,0,0,0,0,0,0,0,0,0,0,0,0,48,0,0,0,0,0,0,0,0,0,0,0,0,0,0,0,0,0,0,0,0,0,0,0,75,0,0,0,0,0,0,0,473357,0,119,0,0,0,0,0,0,0,0,0,0,0,0,0,5,0,0,0
57,AGA,2,0,0,0,0,0,0,0,440667,0,2,0,1,0,0,0,0,0,0,0,0,0,0,0,64,0,44,0,0,0,0,0,0,0,0,0,0,0,0,0,21,0,0,0,0,0,0,0,0,0,0,0,0,0,0,0,1,0,0,0,0,0,0,0
58,TCC,0,53,0,0,0,0,0,0,0,0,0,0,0,0,0,0,0,0,0,31,0,63,0,0,0,0,0,0,0,0,0,0,0,0,0,0,0,0,52,0,0,50,0,0,0,0,0,0,0,4,0,0,17,429386,11,71,0,0,0,0,0,0,0,0
59,TAT,0,0,0,0,0,0,0,0,0,0,0,0,0,0,0,0,0,0,0,91,0,0,0,0,0,0,0,0,0,0,0,0,0,0,0,7,0,0,0,0,0,0,0,0,0,0,0,0,1,107,0,452324,0,0,0,0,0,0,0,12,0,0,0,0
60,TGC,0,0,0,0,0,0,0,0,0,0,0,0,0,0,0,0,0,0,0,0,0,0,0,0,0,17,0,0,0,0,0,0,0,0,0,0,0,0,0,0,0,0,0,0,0,0,0,0,0,1,0,0,0,0,0,0,7,453377,0,71,0,3,0,0
61,TAC,0,0,0,0,0,0,0,0,0,0,0,0,0,0,0,0,0,34,0,0,0,0,0,0,0,0,0,0,0,0,0,0,0,0,0,0,0,0,0,0,0,0,0,0,0,0,0,0,3,451109,1,152,0,0,0,0,0,69,0,0,38,0,0,0
62,GAG,0,0,2,0,0,0,0,0,0,0,0,0,0,0,0,0,0,0,1,0,0,0,0,0,0,0,0,0,0,0,0,0,53,0,455858,8,0,0,0,0,0,0,19,0,0,0,0,0,0,0,10,0,38,0,0,0,0,0,0,0,0,0,0,0
63,GCA,0,0,0,0,23,0,0,0,0,0,0,0,0,0,0,0,0,0,0,0,0,0,0,0,0,0,0,0,0,0,0,0,1,0,0,0,451872,0,49,1,0,0,0,0,18,0,0,0,0,0,0,0,2,283,0,0,0,0,0,0,0,0,0,0
64,TCG,0,0,0,32,97,0,0,0,0,0,0,47,0,0,0,0,0,0,0,0,0,0,508,0,0,0,0,0,0,0,0,48,0,0,0,0,0,71,58,0,0,0,0,0,0,0,42,0,0,0,4,0,284,0,457789,2,0,0,1,0,0,0,158,0
65,ATA,0,0,0,0,3,0,0,0,0,0,0,0,454770,0,11,0,0,0,0,0,0,0,0,0,0,0,0,0,18,0,0,0,0,0,0,0,0,0,0,0,0,0,0,0,3,0,0,0,0,0,0,0,0,0,0,0,0,0,0,0,0,0,0,0
66,TCG,0,0,0,0,0,0,0,0,0,43,0,0,0,0,0,0,0,0,0,0,0,0,4,0,49,0,0,0,0,0,49,0,44,0,0,0,0,0,0,0,0,0,0,0,50,0,0,0,0,0,2,0,27,0,452896,35,0,0,2,0,0,0,292,0
67,GAC,0,8,0,0,0,0,0,0,0,0,0,0,0,0,0,0,0,0,0,0,0,0,0,0,0,0,0,0,0,0,0,0,32,461106,0,10,0,0,0,0,0,28,0,0,0,3,0,0,0,2,0,0,0,0,0,0,0,0,0,0,0,0,0,0
68,ATG,0,0,1,0,0,0,119,0,0,0,0,0,65,0,462509,53,0,0,0,0,0,0,0,0,0,0,0,0,0,0,1,0,0,0,0,0,0,0,0,0,0,0,0,0,0,0,93,55,0,0,0,0,0,0,0,0,0,0,0,0,0,0,0,0
69,GCT,0,0,0,0,0,0,0,182,0,0,54,0,0,0,0,30,0,0,37,0,0,0,0,0,0,0,0,166,0,42,54,0,0,0,0,1,0,119,0,460267,0,0,0,0,66,0,0,66,0,0,0,0,0,0,0,4,0,0,0,0,0,0,0,0
70,TCG,0,0,0,0,0,0,1,0,0,0,0,0,0,0,0,0,0,0,0,0,0,0,59,0,0,0,0,0,0,0,0,0,0,0,0,0,0,0,0,0,0,0,0,0,0,0,0,0,0,0,2,0,96,0,463567,48,0,59,0,0,0,0,25,0
71,GAC,0,56,0,0,0,0,0,0,0,0,0,0,0,0,0,0,0,0,66,0,0,0,0,0,0,0,0,0,0,0,0,0,1,465443,0,73,0,0,0,0,0,37,0,0,0,0,66,0,0,1,0,0,0,0,0,0,0,0,0,0,0,0,0,0
72,AGT,0,0,0,14,0,0,0,0,0,486,0,459822,0,0,0,4,0,0,0,0,0,0,0,0,0,0,0,0,0,0,0,0,0,0,0,1,0,0,49,0,0,0,0,76,0,0,0,0,0,0,0,0,0,0,0,0,0,0,0,2,0,0,0,0
73,CGT,52,0,0,0,0,0,0,0,50,0,0,3,0,0,0,0,0,0,0,98,0,0,0,3,1,200,39,465087,0,0,0,3,0,0,0,0,0,0,0,0,0,0,0,0,0,0,0,0,0,0,0,0,0,0,0,0,0,0,0,26,0,0,0,0
74,TGC,0,0,0,0,0,0,0,0,0,1,0,0,0,0,0,0,0,0,0,0,0,0,0,0,0,93,0,0,0,0,0,0,0,0,0,0,0,0,0,0,0,0,0,0,0,0,0,0,0,57,0,0,0,0,0,0,1,457596,0,177,0,3,0,0
75,CCA,0,0,0,0,4,0,0,0,0,0,0,0,0,0,0,0,10,0,0,0,462507,108,37,49,0,0,0,0,5,0,0,0,0,0,0,0,0,0,0,0,0,0,0,0,0,0,0,0,0,0,0,0,14,0,0,0,0,0,0,0,0,0,0,0
76,ACA,4,0,0,0,468780,0,20,97,1,0,0,0,9,0,0,0,0,0,0,0,0,0,0,0,0,0,0,0,0,0,0,0,0,0,0,0,6,0,0,0,0,0,0,0,0,0,0,0,0,0,0,0,0,0,0,0,0,0,0,0,0,0,0,0
77,CAA,2,0,0,0,0,0,0,0,0,0,0,0,0,0,0,0,465672,20,210,47,1,0,0,0,59,0,1,0,1,0,0,0,0,0,0,0,0,0,0,0,0,0,0,0,0,0,0,0,6,0,0,0,0,0,0,0,0,0,0,0,0,0,0,0
78,GGT,0,0,0,0,0,0,0,0,0,0,0,58,0,0,0,0,0,0,0,0,0,0,0,0,0,0,0,0,0,0,0,0,0,0,0,8,0,0,0,0,0,7,0,463924,0,0,0,1,0,0,0,0,0,0,0,0,0,0,0,34,0,0,0,0
79,GAG,0,0,66,0,0,0,0,0,0,0,0,0,0,0,0,0,0,0,0,0,0,0,0,0,0,0,0,0,0,0,0,0,2,0,469331,169,0,0,9,0,0,0,155,0,0,0,14,0,0,0,2,0,0,0,0,0,0,0,0,0,0,0,0,0
80,GCC,0,0,0,0,0,76,0,0,0,0,0,0,0,0,0,0,0,0,0,0,0,1,0,0,0,0,0,0,0,0,0,0,0,1,0,0,17,467771,0,6,0,0,0,0,0,17,0,0,0,0,0,0,0,3,0,0,0,0,0,0,0,0,0,0
81,TAC,0,0,0,0,0,0,0,0,0,0,0,0,0,0,0,0,0,745,0,0,0,0,0,0,0,0,69,0,0,0,52,0,0,0,0,0,0,0,0,0,0,0,0,0,0,0,0,56,1,468855,0,52,0,0,0,0,0,22,0,0,0,0,0,0
82,CTT,0,0,0,0,0,0,0,0,0,0,0,0,549,0,0,14,0,0,0,9,0,0,0,44,0,0,0,60,160,167,46,468374,0,0,0,0,0,0,0,0,0,0,0,0,0,0,0,0,0,0,0,0,0,0,0,0,0,0,0,0,0,0,0,7
83,GAC,36,58,0,11,0,0,0,0,0,33,0,0,0,0,0,0,0,1,0,0,52,0,0,0,0,0,0,0,42,0,0,0,46,466943,1,72,0,0,0,0,0,65,0,0,0,0,0,0,0,3,0,0,85,0,0,0,0,0,0,0,0,0,0,0
84,AAG,88,0,469907,4,0,0,137,0,0,0,52,53,0,0,43,31,0,79,92,0,0,0,0,0,0,0,0,0,0,0,48,0,0,0,182,0,0,0,102,0,0,0,0,0,36,0,41,0,0,33,1,36,0,0,0,59,0,0,0,0,0,0,0,0
85,CAA,4,0,0,0,0,0,0,0,0,0,0,0,0,0,0,0,468476,0,1,2,0,0,0,0,38,0,0,0,0,37,0,51,1,0,0,0,0,0,0,0,0,0,0,0,0,0,0,0,28,14,0,0,0,85,0,0,0,0,0,0,43,0,0,0
86,TCA,0,0,0,0,1,0,0,38,0,0,0,0,0,0,0,0,0,0,0,44,8,0,0,0,0,0,0,0,0,0,0,0,0,0,0,51,0,0,0,0,0,0,0,0,0,0,0,0,2,0,0,47,467071,4,202,106,0,0,0,0,44,0,0,0
87,GAC,0,4,0,0,0,0,0,0,0,0,0,0,0,0,0,0,0,1,0,0,0,0,0,0,0,0,0,0,0,0,0,0,1,470542,0,251,0,0,0,0,0,37,0,0,0,0,0,0,0,3,0,0,0,0,0,0,0,0,0,0,0,0,0,0
88,ACT,0,0,0,4,1,166,1,465400,0,58,0,0,0,0,0,190,60,42,0,0,36,41,72,32,238,94,1,0,0,53,0,0,0,0,0,0,0,0,184,4,0,0,0,0,0,0,0,0,0,0,0,35,0,67,0,0,0,0,0,0,161,0,0,34
89,CAA,47,0,0,0,0,0,0,0,0,0,58,0,0,0,0,0,466663,0,50,2,0,0,0,0,87,0,0,45,0,0,0,0,1,0,0,0,0,0,0,0,0,0,0,0,0,0,0,0,7,0,0,0,0,0,0,0,0,0,0,0,0,0,0,0
90,TAT,0,0,0,0,0,0,0,0,0,0,0,0,0,0,0,0,0,0,0,58,0,0,0,0,0,0,0,0,0,0,0,0,0,0,0,0,0,0,0,0,0,0,0,0,0,0,0,0,0,58,0,463686,0,0,0,0,0,0,0,138,0,0,0,0
91,GTC,0,0,0,0,0,0,0,0,0,0,0,0,0,86,0,0,0,0,0,0,0,0,0,0,0,0,0,0,0,0,0,0,0,0,0,0,0,11,0,0,0,0,0,0,64,465518,0,4,0,0,0,0,0,0,0,0,0,0,0,0,0,5,0,0
92,TGC,0,0,0,0,0,0,0,0,0,4,0,0,0,0,0,0,0,0,0,0,0,0,0,0,0,67,0,0,0,0,0,0,0,0,0,0,0,0,0,0,0,0,0,0,0,0,0,0,0,170,0,0,0,2,0,0,5,470177,0,144,0,4,0,0
93,AAA,466293,1,8,1,0,53,0,0,14,0,0,0,0,0,0,0,0,0,0,0,0,0,0,0,0,48,40,0,0,0,0,0,8,0,0,0,0,35,0,0,0,0,0,0,0,0,0,0,0,0,0,0,0,0,0,0,0,0,0,0,0,0,0,0
94,AGA,11,0,0,0,0,0,0,0,471578,0,81,0,6,0,0,0,0,0,0,0,0,0,0,0,0,23,0,0,0,0,0,0,0,0,0,0,0,0,0,0,41,0,0,0,0,0,0,0,0,0,0,0,0,0,0,0,3,0,0,0,0,0,0,0
95,ACA,3,0,0,0,469624,615,6,0,0,0,0,0,6,0,0,0,0,0,0,0,0,0,0,0,0,0,0,0,0,0,51,0,0,0,0,0,9,0,0,0,0,0,0,0,0,28,54,0,0,0,0,0,51,0,0,41,0,0,0,0,0,0,0,0
96,TTA,0,0,0,0,0,0,0,0,0,0,0,0,2,0,0,0,0,0,0,0,0,0,0,0,0,0,0,0,66,86,0,0,0,0,0,0,0,0,0,0,0,0,0,0,0,0,59,0,0,0,0,0,81,0,0,0,0,0,0,0,466660,0,239,0
97,GTG,0,0,0,0,0,0,0,0,0,0,0,0,0,0,28,0,0,0,0,0,0,0,0,0,0,0,0,0,0,0,0,0,0,0,0,0,0,0,59,0,0,0,0,0,59,0,472344,53,0,0,0,0,0,0,0,0,0,0,0,0,0,0,1,0
98,GAC,0,47,0,0,0,0,0,0,0,0,0,0,0,0,0,0,0,0,0,0,0,0,0,0,0,0,0,0,0,0,0,0,2,467384,1,80,0,0,0,0,0,28,0,0,0,0,0,0,0,3,0,0,0,0,0,0,0,0,0,0,0,0,0,0
99,AGA,3,0,0,0,1,0,0,0,472112,6,116,9,7,0,0,0,0,0,0,0,0,0,0,0,3,0,0,0,0,0,0,0,0,0,0,0,0,0,0,0,21,0,0,0,0,0,0,0,0,0,0,0,0,0,0,0,0,0,0,0,0,0,0,0
100,GGT,0,0,0,0,0,0,0,0,0,0,0,68,0,0,0,0,0,0,0,0,0,0,0,0,0,0,0,0,0,0,0,0,0,0,0,28,0,0,0,0,0,12,47,473616,0,0,0,56,0,0,0,0,0,0,0,0,0,0,0,68,0,0,0,0
101,TGG,0,0,0,0,0,0,0,0,0,0,0,0,0,0,0,0,0,0,0,0,0,0,0,0,0,0,67,0,0,0,0,0,0,0,0,0,0,0,0,0,0,0,0,0,0,0,0,0,0,0,8,0,0,0,0,0,20,0,472932,65,0,0,5,0
102,GGA,0,0,0,0,0,0,0,0,4,0,0,0,0,0,0,0,0,0,0,0,0,0,0,0,0,0,0,0,0,0,0,0,12,0,0,0,5,0,0,0,51911,7,5,0,0,0,0,0,0,0,0,0,0,0,0,0,11,0,0,0,0,0,0,0
103,AAC,0,51658,0,333,0,0,0,0,0,1,0,0,0,0,0,0,0,0,0,0,0,0,0,0,0,0,0,0,0,0,0,0,0,0,0,0,0,0,0,0,0,0,0,0,0,0,0,0,0,0,0,0,0,0,0,0,0,0,0,0,0,0,0,0
104,GGT,0,0,0,0,0,0,0,0,0,0,0,8,0,0,0,0,0,0,0,0,0,0,0,0,0,0,0,0,0,0,0,0,0,0,0,3,0,0,0,0,4,9,0,52009,0,0,0,0,0,0,0,0,0,0,0,0,0,0,0,0,0,0,0,0
105,TGT,0,0,0,0,0,0,0,0,0,0,0,0,0,0,0,0,0,0,0,0,0,0,0,0,0,0,0,5,0,0,0,0,0,0,0,0,0,0,0,0,0,0,0,0,0,0,0,0,0,0,0,1,0,0,0,1,0,8,0,51999,0,0,0,0
106,GGA,0,0,0,0,0,0,0,0,3,0,0,0,0,0,0,0,0,0,0,0,0,0,0,0,0,0,0,0,0,0,0,0,0,0,0,0,4,14,0,0,51981,0,1,0,0,0,0,0,0,0,0,0,0,0,0,0,0,0,0,0,0,0,0,0
107,CTT,0,0,0,0,0,0,0,0,0,0,0,0,0,0,0,0,0,0,0,0,0,0,0,2,0,0,0,0,0,26,0,51837,0,0,0,0,0,0,0,0,0,0,0,0,0,0,0,0,0,0,0,0,0,0,0,0,0,0,0,0,0,0,0,0
108,TTT,0,0,0,0,0,0,0,0,0,0,0,0,0,0,0,0,0,0,0,0,0,0,0,0,0,0,0,0,0,0,0,0,0,0,0,0,0,0,0,0,0,0,0,0,0,0,0,0,0,0,0,1,0,0,0,0,0,0,0,0,0,6,0,52116
109,GGC,0,0,0,0,0,0,0,0,0,0,0,0,0,0,0,0,0,0,0,0,0,0,0,0,0,0,0,0,0,0,0,0,0,2,0,0,0,0,0,0,10,51938,0,28,0,0,0,0,0,0,0,0,0,0,0,0,0,1,0,0,0,0,0,0
110,AAA,51339,0,6,2,0,0,0,0,0,0,0,0,0,0,0,0,0,0,0,0,0,0,0,0,0,0,0,0,0,0,0,0,5,0,0,0,0,0,0,0,0,0,0,0,0,0,0,0,0,0,0,0,0,0,0,0,0,0,0,0,0,0,0,0
111,GGG,0,0,0,0,0,0,0,0,0,0,4,0,0,0,0,0,0,0,0,0,0,0,0,0,0,0,0,0,0,0,0,0,0,0,1,0,0,0,0,0,0,6,51938,0,0,0,0,0,0,0,0,0,0,0,0,0,0,0,4,0,0,0,0,0
112,AGC,0,11,0,0,0,0,0,0,0,51824,0,20,0,0,0,0,0,0,0,0,0,0,0,0,0,0,0,0,0,0,0,0,0,3,0,0,2,0,4,0,0,2,0,0,0,0,0,0,0,0,0,0,0,0,0,0,0,0,0,0,0,0,0,0
113,TTG,0,0,0,0,0,0,0,0,0,0,0,0,4,0,0,0,0,0,0,0,0,0,0,0,0,0,0,0,5,10,8,0,0,0,0,0,0,0,0,0,0,0,0,0,0,0,0,0,0,0,0,0,0,0,1,0,0,0,0,0,11,0,51930,0
114,GTG,0,0,0,0,0,0,0,0,0,0,0,0,4,5,0,10,0,0,0,0,0,0,0,0,0,0,0,0,0,0,6,0,0,0,0,0,0,0,5,0,0,0,0,0,1,0,51824,8,0,0,0,0,0,0,0,0,0,0,0,0,0,0,0,0
115,ACA,0,0,0,0,51676,0,13,6,0,0,0,0,12,0,0,0,0,0,0,0,0,0,0,0,0,0,0,0,0,0,0,0,0,0,0,0,3,0,0,0,0,0,0,0,0,0,0,0,0,0,0,0,0,0,0,0,0,0,0,0,0,0,0,0
116,TGT,0,0,0,0,0,0,0,0,0,0,0,0,0,0,0,0,0,0,0,0,0,0,0,0,0,0,0,4,0,0,0,0,0,0,0,0,0,0,0,0,0,0,0,0,0,0,0,0,0,0,0,1,0,0,0,0,0,1,0,51890,0,0,0,1
117,GCC,0,0,0,0,0,13,0,0,0,0,0,0,0,0,0,0,0,0,0,0,0,0,0,0,0,0,0,0,0,0,0,0,0,1,0,0,19,51810,0,6,0,0,5,8,0,12,0,0,0,0,0,0,0,0,0,0,0,0,0,0,0,0,0,0
118,AAG,0,0,51816,0,0,0,0,0,0,0,8,0,0,0,0,0,5,0,0,0,0,0,0,0,0,0,0,0,0,0,0,0,0,0,3,0,0,0,0,0,0,0,0,0,0,0,0,0,0,0,0,0,0,0,0,0,0,0,0,0,0,0,0,0
119,TTT,0,0,0,0,0,0,0,0,0,0,0,0,0,0,0,0,0,0,0,0,0,0,0,0,0,0,0,0,0,0,0,0,0,0,0,0,0,0,0,0,0,0,0,0,0,0,0,0,0,0,0,0,0,0,0,5,0,0,0,0,0,13,0,50997
120,ACG,0,0,179,0,1,8,51194,0,0,0,1,0,0,0,34,3,4,6,0,0,0,0,0,0,0,0,0,0,0,15,0,0,0,0,0,0,0,0,16,0,0,0,0,0,0,0,0,9,0,0,0,0,0,0,12,1,0,5,0,0,0,0,0,0
121,TGT,0,0,0,0,0,0,0,0,0,0,0,0,0,0,0,0,0,0,0,0,0,0,0,0,0,0,0,2,0,0,0,0,0,0,0,0,0,0,0,0,0,0,0,0,0,0,0,0,0,0,0,1,0,0,0,0,0,14,0,51392,0,0,0,0
122,TCT,0,0,0,0,0,8,0,4,0,0,0,0,0,0,4,0,3,13,6,0,7,0,0,4,0,0,0,9,99,21,33,105,0,0,0,0,4,0,3,0,0,0,7,0,10,0,0,0,0,0,0,1,10,14,0,51610,0,0,0,0,0,0,0,0
123,AAG,0,0,51855,1,0,0,0,0,0,0,0,0,0,0,0,0,0,0,0,0,0,0,0,0,0,0,0,0,0,0,0,0,0,0,14,0,0,0,0,0,0,2,0,0,0,0,0,0,0,0,0,0,0,0,0,0,0,0,0,0,0,0,0,0
124,AAG,0,0,51672,0,0,0,0,0,0,0,0,0,0,0,10,0,0,0,0,0,0,0,0,0,0,0,2,0,0,0,0,0,0,0,1,0,0,0,0,0,0,0,0,0,0,0,0,0,0,0,0,0,0,0,0,0,0,0,0,0,0,0,0,0
125,ATG,0,0,0,0,0,0,0,0,0,0,0,0,6,0,51495,3,0,0,0,0,0,0,0,0,0,0,0,0,0,0,0,0,0,0,0,0,0,0,0,0,0,0,0,0,0,0,5,0,0,0,0,0,0,0,0,0,0,0,0,0,0,0,0,4
126,ACC,0,0,0,0,0,51778,0,9,0,0,0,0,0,6,0,6,0,0,0,0,0,0,0,0,0,0,0,0,0,0,0,0,0,0,0,0,0,8,0,0,0,0,0,0,0,7,0,0,0,0,0,0,5,1,0,0,0,0,0,0,0,0,0,0
127,GGG,0,0,0,0,0,0,0,0,0,0,4,0,0,0,0,0,0,0,0,0,0,0,0,0,0,0,2,0,0,0,0,0,0,0,0,0,0,0,0,0,7,0,52000,0,0,0,0,0,0,0,0,0,0,0,0,0,0,0,0,0,0,0,0,0
128,AAG,5,0,51612,0,0,0,0,0,0,0,17,0,0,0,0,0,0,0,4,0,0,0,0,0,0,11,2,0,169,10,0,0,0,0,4,0,0,7,0,0,0,0,0,0,0,0,0,0,0,0,0,0,0,0,0,0,0,0,0,0,0,0,0,0
129,AGC,0,1,0,0,0,0,0,0,0,51917,0,29,0,0,0,0,0,0,0,0,0,0,0,0,0,0,0,0,0,0,0,0,0,0,0,0,0,6,0,0,0,14,0,0,0,0,0,0,0,0,0,0,0,0,0,0,0,0,0,3,0,0,0,0
130,ATT,0,0,0,0,0,0,0,3,0,0,0,0,0,3,0,51887,0,0,0,0,0,0,0,0,0,0,0,0,0,0,0,0,0,0,0,0,0,0,0,0,0,0,0,0,0,0,0,1,0,0,0,0,0,0,0,0,0,0,0,0,0,0,0,0
131,CAA,1,0,0,0,0,0,0,0,0,0,0,0,0,0,0,0,51951,0,6,1,0,0,0,0,0,0,0,0,0,0,0,0,0,0,0,0,0,0,0,0,0,0,0,0,0,0,0,0,0,0,0,0,0,0,0,0,0,0,0,0,0,0,0,21
132,CCG,0,0,0,0,0,0,0,0,0,0,0,0,0,0,0,0,0,0,0,0,11,0,51410,3,0,0,0,0,0,0,8,0,0,0,0,0,0,0,0,0,0,0,0,0,0,0,0,0,0,0,0,0,0,0,5,0,0,0,0,0,0,0,0,0
133,GAA,0,0,0,0,0,0,0,0,0,0,0,0,0,0,0,0,0,0,0,0,0,0,0,0,0,0,0,0,0,0,0,0,51533,0,0,0,0,0,0,0,3,0,0,0,0,0,0,0,0,0,0,0,0,0,0,0,0,0,0,0,0,0,0,0
134,AAT,0,0,0,51868,0,0,0,0,0,0,0,2,0,0,0,0,0,0,0,0,0,0,0,0,0,0,0,0,0,0,0,0,0,0,0,0,0,0,0,0,0,0,0,0,0,0,0,0,0,0,0,0,0,0,0,0,0,0,0,0,0,0,0,0
135,CTG,0,0,0,0,0,0,0,0,0,0,0,0,0,0,10,0,0,0,0,0,0,0,8,0,0,0,0,0,8,0,51751,7,0,0,0,0,0,0,0,0,0,0,0,0,0,0,0,0,0,0,0,0,0,0,0,0,0,0,0,0,1,0,0,0
136,GAG,0,0,0,0,0,0,6,0,0,0,0,0,0,0,2,0,0,0,0,0,0,0,0,0,0,0,0,0,7,0,0,0,10,0,51389,7,0,0,0,0,0,0,1,0,0,0,0,0,0,0,0,5,0,0,0,3,0,5,3,3,0,6,3,0
137,TAT,0,0,0,0,0,0,0,0,0,0,0,0,0,0,0,0,0,0,0,2,0,0,0,0,0,0,0,0,0,0,0,0,0,0,0,0,0,0,0,0,0,0,0,0,0,0,0,0,0,5,0,51707,0,0,0,0,0,0,0,0,0,0,0,0
138,CGG,0,0,0,0,0,0,0,0,0,0,2,0,0,0,0,0,0,0,4,0,0,0,0,0,4,0,51617,15,5,0,0,0,0,0,0,0,0,0,0,0,0,0,0,0,0,0,0,0,0,0,0,0,0,0,0,0,0,0,1,0,0,0,0,0
139,ATA,0,0,0,0,1,0,0,0,0,0,0,0,51195,5,29,0,0,0,0,0,0,0,0,0,0,0,0,0,0,0,0,0,0,0,0,0,0,0,0,0,0,0,0,0,0,0,0,0,0,0,0,0,0,0,0,0,0,0,0,0,4,0,0,0
140,ATG,0,0,0,8,0,0,3,0,0,0,0,10,11,3,50925,10,0,0,0,8,0,0,0,0,7,0,0,0,2,0,0,13,0,0,8,0,0,4,0,6,10,0,14,5,0,0,7,0,0,3,0,15,4,2,5,5,0,0,14,0,0,1,8,0
141,CTA,0,0,0,0,0,0,0,0,0,0,0,0,0,0,0,0,0,0,0,0,8,0,0,0,0,0,0,0,51665,0,0,0,0,0,0,0,0,0,0,0,0,0,0,0,0,0,0,0,0,0,0,0,0,0,0,0,0,0,0,0,0,0,0,0
142,TCA,0,5,0,0,0,0,0,0,0,0,0,0,0,0,0,0,0,0,0,0,0,0,0,0,0,0,0,0,0,0,0,0,0,0,0,0,0,7,0,5,0,0,0,0,0,0,0,0,0,0,0,0,51059,0,2,0,0,0,0,0,1,0,0,0
143,GTG,0,0,0,0,0,0,0,0,0,0,0,0,0,0,0,0,0,0,0,0,0,0,0,0,0,0,0,0,0,0,0,0,0,0,0,0,0,0,3,0,0,0,0,0,21,0,50868,0,0,0,0,0,0,0,0,0,0,0,0,0,0,0,9,0
144,CAT,0,0,0,0,0,0,0,0,0,0,0,0,0,0,0,0,0,0,0,51571,0,0,0,0,0,0,0,2,0,0,0,0,0,0,0,0,0,0,0,0,0,0,0,0,0,0,0,0,0,0,0,0,0,0,0,0,0,0,0,0,0,0,0,0
145,GGC,0,0,0,0,0,0,0,0,0,0,0,0,0,0,0,0,0,0,0,0,0,0,0,0,0,0,0,0,0,0,0,0,0,6,0,0,0,0,0,0,0,51767,0,1,0,0,0,0,0,0,0,0,11,0,0,0,0,1,0,0,0,0,0,0
146,TCC,0,0,0,0,0,0,8,0,0,0,0,0,0,0,0,0,0,0,0,0,0,2,0,0,0,0,0,0,0,0,0,0,0,0,0,0,0,0,0,0,0,0,0,0,0,0,0,0,0,0,0,0,4,51436,0,0,0,0,0,5,0,11,0,0
147,CAG,0,0,8,0,0,0,0,0,5,3,0,0,0,0,0,0,5,0,51665,1,0,0,0,0,0,0,6,0,0,0,0,0,0,0,0,0,0,0,0,0,0,0,0,17,0,0,0,0,0,0,2,0,1,0,0,0,0,0,0,4,0,0,0,0
148,CAT,4,8,9,11,0,6,0,0,0,3,0,0,3,2,0,0,6,7,0,51479,6,0,0,3,0,0,0,0,3,7,6,4,0,0,0,0,0,0,8,6,0,0,0,0,0,0,0,5,0,56,0,5,0,0,6,0,0,0,0,0,0,0,0,6
149,AGC,0,8,22,0,6,0,1,0,0,50469,0,18,0,0,0,0,5,0,0,0,0,0,7,0,0,13,0,0,0,0,0,0,17,0,0,7,8,0,3,2,168,400,0,0,0,2,0,11,0,13,0,0,0,0,0,0,0,0,0,0,0,0,0,0
150,GGG,0,0,0,0,0,0,5,3,0,2,7,0,0,0,0,0,0,0,0,0,0,0,16,0,0,0,0,0,0,0,0,0,0,17,1,0,0,0,0,0,0,0,51896,1,0,3,1,0,0,0,0,0,0,0,0,0,0,0,0,0,0,0,0,0
151,ATG,0,8,0,0,0,3,11,0,0,0,0,0,0,8,52003,12,0,0,0,0,0,5,0,0,0,0,0,0,0,0,0,0,0,0,0,0,0,0,0,0,0,0,0,0,0,0,6,4,0,0,0,0,0,0,0,0,0,0,0,0,0,0,0,0
152,ATT,0,0,0,1,0,7,0,12,0,0,0,1,75,4,0,51768,0,11,0,0,0,0,0,0,0,0,0,0,0,0,0,1,0,0,0,0,26,5,20,0,0,0,6,10,0,7,0,39,0,0,0,0,6,0,4,7,0,0,0,9,0,0,0,4
153,GTC,0,0,0,0,0,0,0,0,0,0,0,0,0,7,0,0,0,0,0,0,0,0,0,0,0,0,0,0,0,3,0,0,0,0,0,0,0,0,0,0,0,0,0,0,0,52047,0,2,0,0,0,0,0,0,0,0,0,0,0,0,0,1,0,0
154,AAT,0,0,0,52011,0,13,0,0,0,0,0,9,0,0,0,1,0,10,9,0,0,7,0,11,6,0,6,0,0,0,0,0,0,0,0,5,7,0,0,0,0,0,0,0,0,0,0,0,0,0,0,0,0,0,0,10,0,0,0,0,0,0,0,0
155,GAT,0,0,0,1,0,0,0,0,0,0,0,0,0,0,0,0,0,0,0,0,0,0,0,0,0,0,0,0,0,0,0,0,0,6,0,52070,0,0,0,0,0,0,0,0,1,5,0,1,0,0,0,0,0,0,0,0,0,0,0,0,0,0,0,0
156,ACA,0,0,0,0,50879,0,23,8,0,0,0,0,19,0,0,0,1,0,0,0,0,0,0,0,0,0,0,0,0,0,0,0,0,0,0,0,3,0,8,0,0,0,0,0,0,0,0,0,0,0,0,0,0,6,0,0,0,0,0,0,0,0,0,0
157,GGA,0,0,0,0,0,0,0,0,1,0,1,0,0,0,0,0,0,0,0,0,5,0,0,0,0,7,0,2,0,1,1,0,32,0,0,0,0,5,0,0,49041,0,337,0,0,0,0,0,0,2,0,0,0,0,0,0,10,0,0,0,6,0,0,0
158,TAT,0,0,8,0,0,0,0,0,0,0,0,0,1,0,0,5,0,0,0,7,55,3,6,0,0,0,0,0,0,0,0,0,0,0,0,0,0,0,3,0,0,0,0,3,4,0,0,0,0,13,0,49716,0,0,5,0,0,5,0,4,0,0,0,0
159,GAA,1,0,0,0,0,0,0,0,0,7,0,0,0,0,0,0,0,0,0,0,0,0,0,0,0,0,0,0,0,0,0,0,50513,0,0,0,0,0,0,0,7,0,7,0,0,0,0,0,0,0,0,0,0,0,0,0,1,0,6,0,5,0,0,0
160,ACT,0,0,0,11,8,2,0,49295,0,0,0,0,0,0,0,0,0,0,0,0,24,0,0,0,0,0,0,0,109,0,0,0,7,0,0,0,0,0,4,1,0,0,0,0,0,0,0,0,0,0,0,0,0,0,0,0,0,0,2,0,0,0,0,0
161,GAC,0,2,0,0,0,10,0,0,0,8,0,0,0,0,0,0,2,5,2,4,4,1,0,0,6,0,0,0,0,3,9,0,0,50100,0,15,0,12,0,0,0,12,0,0,0,0,0,0,0,0,0,0,0,21,0,0,0,0,6,0,0,5,3,0
162,GAA,1,3,0,0,0,0,0,0,4,0,0,0,0,0,0,0,0,0,0,0,0,0,0,0,0,0,0,0,0,0,0,0,50640,0,4,0,0,0,0,0,10,11,0,0,0,0,0,0,0,0,0,0,0,0,0,0,0,0,3,0,0,0,0,0
163,AAT,0,1,1,49516,7,0,0,4,0,0,0,0,0,0,0,0,0,0,0,0,0,0,0,0,0,0,0,0,0,0,0,0,0,0,0,1,0,0,0,0,18,0,0,0,0,0,0,0,0,0,0,0,0,0,0,0,0,7,0,0,0,0,0,0
164,AGA,0,0,0,0,0,0,0,7,50017,0,8,1,3,0,0,0,0,0,0,19,0,0,0,0,0,0,0,0,0,6,0,0,0,0,0,0,0,0,0,0,10,0,0,0,0,0,0,0,0,0,0,0,0,0,0,0,0,0,0,0,0,0,0,0
165,GCG,0,0,0,0,0,0,8,0,0,0,0,0,8,0,0,0,0,0,0,0,0,0,0,0,13,0,2,7,0,0,0,0,0,0,0,0,21,0,50728,0,0,0,0,0,0,0,22,0,0,0,0,0,0,0,0,9,0,0,0,0,0,0,0,0
166,AAA,50486,1,1,0,0,0,0,6,10,0,0,0,0,0,0,4,0,0,5,0,0,6,0,0,0,0,0,0,0,0,2,0,0,0,0,0,0,0,0,0,0,0,0,0,0,0,0,0,0,4,0,0,0,0,7,0,0,0,0,0,0,0,2,0
167,GTC,0,0,0,0,0,0,0,0,0,0,0,0,0,0,0,0,0,0,0,0,0,0,0,0,0,0,0,0,0,0,0,0,0,0,0,0,0,5,0,0,0,0,0,0,0,50378,0,2,0,0,0,0,0,0,0,0,0,0,0,0,4,0,0,0
168,GAG,0,0,1,0,0,0,0,0,0,0,0,0,0,0,0,0,0,0,0,0,0,0,0,0,0,0,0,0,0,0,0,0,11,0,50731,8,0,0,0,0,0,0,3,0,0,0,1,0,0,0,0,0,0,0,0,0,0,0,0,0,0,0,0,0
169,GTT,0,0,0,0,0,0,0,0,0,0,0,0,9,0,0,6,0,0,0,0,0,0,0,0,0,0,0,0,0,0,0,0,0,0,0,0,0,0,0,0,0,0,0,0,0,18,0,50634,0,0,0,0,0,0,0,0,0,0,0,0,0,0,0,0
170,ACG,0,0,0,0,26,1,51041,1,0,0,0,0,0,0,18,0,0,0,0,0,0,0,0,0,0,0,0,0,0,0,0,0,0,0,0,0,0,0,2,0,0,0,0,0,0,0,0,0,0,0,0,0,0,0,0,0,0,0,0,0,0,0,0,0
171,CCT,0,0,0,0,0,0,0,0,0,0,0,0,0,0,0,0,0,0,0,1,7,29,0,49332,0,0,0,0,0,0,0,0,0,0,0,0,0,0,0,0,0,0,2,0,0,0,0,0,0,0,0,0,0,0,0,0,0,0,0,0,0,0,0,0
172,AAT,0,1,0,51055,0,0,0,0,0,0,0,4,0,0,0,0,0,0,0,0,0,0,0,0,0,0,0,0,0,0,0,0,0,0,0,4,0,0,0,0,0,0,0,0,0,0,0,0,0,0,0,0,0,0,0,0,0,0,0,0,0,0,0,0
173,TCA,0,0,0,0,0,0,0,0,0,4,0,0,0,0,0,0,0,0,0,0,3,0,0,0,0,0,0,0,0,0,0,0,0,0,0,0,3,0,0,0,0,0,0,0,0,0,0,0,0,0,0,0,50544,0,3,0,0,0,0,0,1,0,0,0
174,CCA,0,0,0,0,0,0,0,0,0,0,0,0,0,0,0,0,0,0,0,0,49917,0,14,4,0,0,0,0,3,0,0,0,0,0,0,0,0,0,0,0,0,0,0,0,0,0,0,0,0,0,0,0,2,0,0,0,0,0,0,0,0,0,0,0
175,AGA,0,0,0,0,0,0,0,0,49941,0,6,0,1,0,0,0,0,0,0,0,0,0,0,0,6,0,0,0,0,0,0,0,0,0,0,0,0,0,0,0,3,0,0,0,0,0,0,0,0,0,0,0,0,0,0,0,0,0,0,0,0,0,0,0
176,GCG,0,0,0,0,0,0,0,0,0,0,0,0,0,0,0,0,0,0,0,0,0,0,0,0,0,0,0,0,0,0,0,0,0,0,0,0,9,0,50867,0,0,0,0,0,0,0,5,0,0,0,0,0,0,0,0,0,0,0,0,0,0,0,0,0
177,GAA,3,0,0,0,0,0,0,0,0,0,0,0,0,0,0,0,0,0,0,0,0,0,0,0,0,0,0,0,0,0,0,0,50788,2,1,0,0,0,0,0,1,0,0,0,0,0,0,0,0,0,0,0,0,0,0,0,0,0,0,0,0,0,0,0
178,GCA,0,0,0,0,5,0,0,0,0,0,0,0,0,0,0,0,0,0,0,0,0,15,0,0,0,0,0,0,0,0,0,0,0,0,0,0,51281,0,0,0,0,0,0,0,10,0,37,5,0,0,0,0,0,0,0,0,0,0,0,0,0,0,0,0
179,ACC,0,0,6,0,45,51240,0,0,0,0,0,0,0,0,0,0,0,0,0,0,0,0,0,0,0,0,0,0,0,0,0,0,0,0,3,0,0,14,0,0,0,0,0,0,7,0,0,0,0,0,0,0,0,0,0,0,0,0,0,0,0,0,2,0
180,TTG,0,0,0,0,0,0,0,0,0,0,0,0,0,0,0,0,0,0,0,0,0,0,0,0,0,0,0,0,0,0,3,0,0,0,0,0,0,0,0,0,0,0,0,0,0,0,1,0,0,0,0,0,0,0,2,0,0,0,0,0,0,0,51111,0
181,GGA,0,0,0,0,0,0,0,0,0,0,0,0,0,0,0,0,0,7,0,0,0,0,0,0,0,0,0,0,0,0,0,0,1,0,0,0,0,0,0,0,51624,9,19,0,0,0,0,0,0,0,0,0,0,0,0,0,1,0,0,0,0,0,0,0
182,GGC,0,0,0,0,0,0,0,0,0,0,0,0,0,0,0,0,0,0,0,0,0,0,0,0,0,0,0,0,0,0,0,0,0,6,0,0,0,0,3,0,0,51078,0,7,0,0,0,0,0,0,0,0,0,0,0,0,0,0,0,0,0,0,0,0
183,TTT,0,0,0,0,0,0,0,0,0,0,0,0,0,0,0,2,0,0,0,0,0,0,0,0,0,0,0,0,0,0,0,0,0,0,0,0,0,0,0,0,0,0,0,0,0,0,0,1,0,0,0,0,0,0,0,3,0,0,4,0,0,37,1,50914
184,GGA,0,0,0,0,0,0,0,0,0,0,0,0,0,0,0,0,0,0,0,0,0,0,0,0,0,0,0,0,0,0,0,0,0,0,0,0,0,0,0,0,51097,0,5,0,0,0,0,0,0,0,0,0,0,0,0,0,0,0,0,0,0,0,0,0
185,AGC,0,10,0,0,0,8,0,0,1,51055,0,5,0,2,0,0,10,0,0,0,0,0,0,0,0,0,0,0,0,0,0,0,0,0,0,0,174,3,0,0,0,0,0,0,0,0,0,0,0,0,0,11,0,5,0,0,0,0,0,0,0,0,0,0
186,TTA,0,0,0,0,0,0,0,0,0,0,0,0,0,0,6,0,0,0,0,0,0,0,0,0,0,0,0,0,1,0,0,0,0,0,0,0,0,0,0,0,0,0,0,0,0,0,0,0,0,0,0,0,0,0,0,0,0,0,0,0,51840,0,6,0
187,GGA,0,0,0,0,0,0,0,6,8,0,0,0,0,0,13,0,0,0,0,0,0,0,0,0,0,0,0,0,0,7,3,20,0,0,0,0,0,0,0,0,51670,0,0,5,0,0,0,2,0,15,0,9,0,0,0,0,10,0,0,0,0,0,0,0
188,CTT,0,0,0,0,0,0,0,0,0,0,0,0,0,0,0,0,0,0,0,0,0,0,0,1,0,0,0,1,0,2,0,51337,0,0,0,0,0,0,0,0,0,0,0,0,0,0,0,1,0,0,0,0,0,0,0,0,0,0,0,0,0,0,0,0
189,GAC,0,2,0,0,0,0,0,0,0,0,0,0,0,0,0,0,0,0,0,0,0,0,0,0,0,0,0,0,0,0,0,0,1,51916,0,17,0,0,0,0,0,2,0,0,0,0,0,0,0,5,0,0,0,0,0,0,0,0,0,0,0,0,0,0
190,TGT,0,0,0,0,0,0,0,0,0,0,0,0,0,0,0,0,0,0,0,0,0,0,0,0,0,0,0,2,0,0,0,0,0,0,0,0,0,0,0,0,0,0,0,0,0,0,0,0,0,0,0,9,0,0,0,0,0,20,0,50879,0,0,0,0
191,GAA,13,0,0,8,0,0,0,0,0,0,0,0,0,0,0,0,0,0,0,0,0,0,0,0,0,0,0,0,0,0,0,0,51679,1,0,0,0,0,0,0,4,0,0,0,0,0,0,0,0,0,0,0,0,0,0,0,0,0,0,0,0,0,0,0
192,CCA,0,0,0,0,0,7,0,0,0,0,0,0,0,0,0,0,1,0,0,0,50977,0,32,16,0,0,0,0,5,0,0,0,0,0,0,0,0,16,0,0,0,0,0,0,0,0,0,0,0,0,0,0,0,0,0,0,0,0,0,0,0,0,0,0
193,AGG,0,0,1,0,0,0,0,0,0,1,51835,0,0,0,13,0,0,0,0,0,0,0,0,0,0,0,0,0,0,0,0,0,0,0,0,0,7,0,7,0,0,0,3,0,0,0,0,0,0,0,0,0,0,0,0,0,0,0,0,0,0,0,0,0
194,ACA,0,0,0,0,51847,0,17,32,0,0,0,0,0,0,0,0,0,0,0,0,0,0,0,0,0,0,0,0,0,0,0,0,0,0,0,0,7,0,0,0,0,0,7,0,0,0,0,6,0,0,0,0,0,0,0,0,0,0,0,0,0,0,5,0
195,GGC,0,0,0,0,0,0,0,0,0,1,0,0,0,0,0,0,0,0,0,0,0,0,0,0,0,0,0,0,0,0,0,0,0,3,0,0,0,0,9,0,0,51070,0,0,0,0,0,0,0,0,0,0,0,0,0,1,0,4,0,0,0,0,0,0
196,CTT,0,0,0,0,0,0,0,0,0,0,0,0,0,0,1,12,0,0,0,3,0,0,0,5,0,0,0,0,0,4,1,51257,0,0,0,0,0,0,0,0,0,0,0,0,0,3,0,10,0,0,0,0,0,0,0,0,0,0,0,0,0,0,0,13
197,GAC,0,1,0,0,0,0,0,0,0,0,0,0,0,0,0,0,0,0,0,0,0,0,0,0,0,0,0,0,0,0,0,0,0,51609,0,230,0,0,0,0,0,2,0,0,0,0,0,0,0,0,0,0,0,0,0,0,0,0,0,0,0,0,0,0
198,TTT,0,0,0,0,0,0,0,0,0,0,0,0,0,0,0,0,0,0,0,0,0,0,0,0,0,0,0,0,0,7,0,0,0,0,0,0,0,0,0,0,0,0,0,0,0,0,0,0,0,0,0,0,0,0,0,8,0,0,0,0,0,1,0,51687
199,TCA,0,7,0,0,2,0,0,0,0,0,0,0,0,0,0,0,0,0,0,0,4,0,0,0,0,0,0,0,0,0,0,0,0,0,0,0,0,0,5,0,0,0,0,4,0,0,0,0,0,0,0,9,51414,2,31,0,0,0,0,0,21,0,0,0
200,GAT,0,0,0,0,0,0,0,0,0,0,0,0,0,0,0,0,0,0,0,0,0,0,0,0,0,0,0,0,0,0,0,0,0,17,0,50816,0,0,0,0,0,0,0,1,0,0,0,0,0,0,0,0,0,0,0,0,0,0,0,0,0,0,0,0
201,CTG,0,0,0,0,0,0,4,0,0,0,0,0,0,0,6,0,0,0,0,0,0,0,9,0,0,0,0,11,3,0,51590,9,0,0,0,0,0,0,0,0,0,0,0,0,0,0,0,0,0,0,0,0,0,0,0,0,0,0,0,0,0,0,2,0
202,TAT,0,0,0,0,0,0,0,0,0,0,0,0,0,0,0,0,0,0,0,25,0,0,0,0,0,0,0,0,0,0,0,0,0,0,0,0,0,0,0,0,0,0,0,0,0,0,0,3,0,2,0,51834,0,0,0,0,0,0,0,0,0,0,0,0
203,TAC,0,0,0,0,0,0,0,0,0,0,0,0,0,0,0,0,0,2,0,0,0,0,0,0,0,0,0,0,0,0,0,0,0,0,0,0,0,0,0,0,0,0,0,0,0,0,0,0,0,51873,0,10,0,0,0,0,0,17,0,0,0,0,0,0
204,CTG,0,0,0,0,0,0,0,0,0,0,0,0,0,0,1,0,0,0,0,0,0,0,4,0,0,0,0,0,2,1,60833,20,0,0,0,0,0,0,0,0,0,0,0,0,0,0,0,0,0,0,0,0,0,0,0,0,0,0,0,0,0,0,1,0
205,ACC,0,0,0,0,2,60819,0,2,0,0,0,0,0,7,0,0,0,0,0,0,0,0,0,0,0,0,0,0,0,0,0,0,0,0,0,0,14,2,0,0,0,0,0,0,0,0,0,0,0,0,0,0,0,5,0,0,0,0,0,0,0,0,0,0
206,ATG,0,0,0,0,0,0,7,0,0,0,0,0,0,0,60815,17,0,0,0,0,0,0,0,0,0,0,0,0,0,0,0,0,0,0,0,0,0,0,0,0,0,0,0,0,0,0,1,0,0,0,0,0,0,0,0,0,0,0,0,0,0,0,0,0
207,AAC,11,60828,0,1,0,0,0,0,0,1,0,5,0,0,0,0,0,0,0,0,0,0,0,0,0,0,0,0,0,13,0,0,0,2,0,0,0,0,0,0,0,4,0,0,0,0,0,0,0,0,0,0,0,0,0,0,0,0,0,0,0,0,0,0
208,AAT,11,13,0,60796,0,0,0,0,0,0,0,0,0,0,0,0,0,0,0,0,0,0,0,0,11,0,0,0,0,0,0,0,0,0,0,0,0,0,0,0,0,0,7,0,0,0,0,0,0,0,0,0,0,0,0,0,0,0,0,0,0,0,0,0
209,AAG,2,0,60764,0,0,0,1,0,4,0,17,0,0,0,0,0,0,0,0,0,0,0,0,0,0,0,5,0,0,0,0,0,0,0,16,0,0,0,0,0,0,0,0,0,0,0,0,0,0,0,0,0,0,0,0,0,0,0,0,0,0,0,0,0
210,CAT,0,0,0,0,0,0,0,0,0,0,0,0,0,0,0,0,0,0,0,60732,0,0,0,0,0,0,0,1,0,0,0,4,0,0,0,0,0,0,0,0,0,0,0,0,0,0,0,0,0,0,0,3,0,0,0,0,0,0,0,0,0,0,0,0
211,TGG,0,0,0,0,0,0,0,0,0,0,0,0,0,0,0,0,0,0,0,0,0,0,0,0,0,0,3,0,0,0,0,0,0,0,0,0,0,0,0,0,0,0,0,0,0,0,0,0,0,0,0,0,0,0,0,0,0,0,60451,0,0,8,0,3
212,TTG,0,0,0,0,0,0,0,0,0,0,0,0,0,0,0,0,0,0,0,0,0,0,0,0,0,0,0,0,0,0,28,0,0,0,0,0,0,0,0,0,0,0,0,0,0,0,0,0,0,0,0,0,0,0,2,0,0,0,0,0,9,0,60717,0
213,GTG,0,0,0,0,0,0,0,0,0,0,0,0,0,0,0,0,0,0,0,0,0,0,0,0,0,0,0,0,0,0,0,0,0,0,0,0,0,0,1,0,0,0,0,0,40,0,60754,3,0,0,0,0,0,0,0,0,0,0,0,0,0,0,0,0
214,CAC,0,0,0,0,0,0,0,0,0,0,0,0,0,0,0,0,0,60741,0,11,0,0,0,0,0,1,0,0,0,5,0,0,0,0,0,0,0,0,0,0,0,0,0,0,0,0,0,0,0,13,0,0,0,0,0,0,0,0,0,0,0,0,0,0
215,AAA,60583,0,2,0,0,0,0,0,4,0,0,0,0,0,0,0,0,0,0,3,0,0,0,0,0,0,0,0,0,0,0,0,1,0,0,0,8,0,0,0,0,0,0,0,0,0,0,0,0,0,0,0,0,0,0,0,0,0,0,0,0,0,0,0
216,GAG,0,0,0,0,0,0,0,0,0,0,0,0,0,0,0,0,0,0,0,0,0,0,0,0,0,0,0,0,0,0,0,0,0,0,60713,0,0,0,0,0,0,0,0,0,0,0,0,0,0,0,0,0,0,0,0,0,0,0,0,0,0,0,0,0
217,TGG,0,0,0,0,0,0,0,0,0,0,1,0,0,0,0,0,0,0,0,0,0,0,0,0,0,0,8,0,0,0,0,0,0,0,0,0,0,0,0,0,0,0,0,0,0,0,0,0,0,0,0,0,0,0,0,0,0,0,60386,1,0,0,0,0
218,TTT,0,0,0,0,0,0,0,0,0,0,0,0,0,0,0,0,0,0,0,0,0,0,0,0,0,0,0,0,0,0,0,0,0,0,0,0,0,0,0,0,0,0,0,0,0,0,0,7,0,0,0,0,0,0,0,1,0,0,0,0,0,0,0,60549
219,CAT,0,0,0,1,0,0,0,0,0,0,0,0,4,0,7,0,28,48,6,60764,0,0,0,0,0,0,0,2,4,0,7,0,0,0,0,0,0,0,0,0,0,0,0,0,0,0,0,0,0,0,0,1,0,0,0,0,0,0,0,0,0,0,0,0
220,GAC,0,1,0,0,0,0,0,0,0,0,0,0,0,0,0,0,0,0,0,0,0,0,0,0,0,0,0,0,0,0,0,0,0,60138,0,1,0,0,0,0,0,14,0,0,0,0,0,0,0,1,0,0,0,0,0,0,0,0,0,0,0,0,0,0
221,ATC,0,0,0,0,0,2,0,0,0,0,0,0,2,60186,5,8,0,0,0,0,0,0,0,0,0,0,0,0,0,0,0,0,0,0,0,0,0,0,0,0,0,0,0,0,0,0,0,0,0,0,0,0,0,0,0,0,0,0,0,0,0,0,0,0
222,CCA,0,0,0,0,1,0,0,0,0,0,0,0,0,0,0,0,3,0,0,0,60069,5,1,1,0,0,0,0,1,0,0,0,0,0,0,0,0,0,0,0,0,0,0,0,0,0,0,0,0,0,0,0,3,0,0,0,0,0,0,0,0,0,0,0
223,TTG,0,0,0,0,0,0,0,0,0,0,0,0,0,0,0,0,0,0,0,0,0,0,0,0,0,0,0,0,8,0,2,0,0,0,0,0,0,0,0,0,0,0,0,0,0,0,0,0,0,0,0,0,0,0,1,0,0,0,0,0,5,0,60683,0
224,CCT,0,0,0,0,0,0,0,0,0,0,0,0,0,0,0,0,0,0,0,4,2,22,6,60735,0,0,0,0,0,0,0,2,0,0,0,0,0,0,0,0,0,0,0,0,0,0,0,0,0,0,0,0,0,0,0,2,0,0,0,0,0,0,0,0
225,TGG,0,0,0,0,0,0,0,0,0,0,0,0,0,0,0,0,0,0,0,0,0,0,0,0,0,0,3,0,0,0,0,0,0,0,0,0,0,0,0,0,0,0,0,0,0,0,0,0,0,0,3,0,0,0,0,0,2,0,59897,1,0,0,0,0
226,CAT,0,0,0,0,0,0,0,0,0,0,0,0,0,0,0,6,0,7,0,60581,0,0,0,0,0,0,0,5,4,0,0,0,0,0,0,0,0,0,0,7,0,0,0,0,5,0,0,0,0,0,0,28,0,0,0,0,0,0,0,0,0,5,0,0
227,GCT,0,0,0,0,5,0,369,48,0,7,0,0,0,0,0,0,0,0,0,0,0,52,0,10,0,0,0,0,0,0,0,0,0,0,0,1,1,14,0,59936,0,0,15,0,0,5,0,8,0,0,0,0,0,0,15,116,0,0,0,0,0,0,0,0
228,GGG,0,0,0,0,0,0,0,0,0,0,2,0,0,0,0,0,0,0,0,0,0,0,0,0,0,0,0,0,0,0,0,0,0,0,2,0,0,0,0,0,1,0,60487,0,0,0,0,0,0,0,0,0,0,0,0,0,0,0,0,0,0,0,0,0
229,GCA,0,0,0,0,6,0,0,0,0,10,4,0,0,0,0,0,0,0,0,0,0,3,0,0,0,6,0,0,0,7,0,0,0,0,0,0,59952,13,26,1,0,0,0,0,15,0,0,0,0,0,0,0,7,0,0,0,0,0,0,0,0,0,0,0
230,GAC,0,3,0,0,0,0,0,10,0,0,0,0,6,0,0,0,6,4,0,0,0,19,4,0,0,0,4,0,0,10,0,0,0,60420,0,9,15,0,0,0,0,1,0,6,0,0,0,33,0,8,0,0,0,3,0,0,0,0,0,0,0,0,0,0
231,ACC,0,0,0,0,15,60559,0,13,5,13,0,0,0,0,0,0,0,0,2,0,0,4,6,4,0,0,0,0,0,0,0,0,1,4,0,0,0,2,0,0,0,4,0,7,0,0,0,0,0,0,0,0,0,0,0,9,0,0,0,0,0,0,0,0
232,GGA,0,0,0,0,0,0,0,0,2,0,0,0,0,0,0,0,0,0,0,0,7,12,0,7,0,0,12,0,0,0,0,0,5,0,0,0,0,0,0,0,60189,0,27,10,2,0,0,0,0,0,0,0,0,0,9,0,5,0,0,0,0,0,0,0
233,ACT,0,0,0,5,0,2,53,59799,0,0,0,0,0,0,0,3,0,0,0,0,0,0,0,0,0,0,11,0,0,0,0,0,0,0,0,0,0,0,0,4,0,0,0,0,0,0,0,0,0,0,0,0,0,0,0,0,0,0,0,0,0,0,0,0
234,CCA,0,0,0,0,4,0,15,0,0,0,0,0,8,0,0,0,0,0,0,0,60467,10,7,0,0,0,0,0,0,0,0,0,0,0,0,0,0,0,0,0,0,0,0,0,0,0,0,0,0,0,0,0,1,0,0,5,0,0,0,0,0,0,0,0
235,CAC,0,0,0,0,0,0,0,0,0,0,0,0,0,0,0,0,22,60561,0,5,0,0,0,0,0,18,0,0,0,0,0,0,0,0,0,0,0,0,0,0,0,0,0,0,0,0,0,0,0,2,0,0,0,0,0,0,0,0,0,0,0,0,0,0
236,TGG,0,0,0,0,0,0,0,0,0,0,1,0,0,0,0,0,0,0,0,0,0,0,0,0,0,0,23,0,0,0,0,0,0,0,0,0,0,0,0,0,0,0,0,0,0,0,0,0,0,0,3,0,0,0,0,0,0,0,60542,9,0,0,0,0
237,AAC,0,60483,1,0,0,0,0,0,0,3,0,0,0,0,0,0,0,0,0,0,0,0,0,0,13,0,0,0,0,0,0,0,0,4,0,0,0,0,4,0,0,0,0,0,0,0,0,0,0,0,0,0,0,0,0,0,0,0,0,0,0,0,0,0
238,AAC,0,60521,0,9,0,0,0,0,0,1,0,0,0,0,0,0,0,0,0,0,0,0,0,0,0,0,0,0,0,0,0,0,0,8,0,0,0,0,7,0,0,0,0,0,0,0,0,0,0,0,0,0,0,0,0,0,0,0,0,0,0,0,0,0
239,AAA,60591,0,15,2,0,0,0,0,3,0,0,0,0,0,0,0,0,0,0,0,0,0,0,0,0,0,0,0,0,0,0,0,5,0,0,0,0,0,0,0,0,0,0,0,0,0,0,0,0,0,0,0,0,0,0,0,0,0,0,0,0,0,0,0
240,GAG,0,0,6,0,0,0,0,0,0,0,0,0,0,0,0,0,0,0,1,5,0,0,0,0,0,0,0,0,0,0,0,0,11,1,60394,0,0,8,1,0,0,0,11,7,0,0,0,0,0,0,1,0,0,0,0,0,0,0,0,0,0,0,0,0
241,GCA,0,0,0,0,5,0,0,0,0,0,0,0,0,0,0,0,0,0,0,0,0,0,0,0,5,0,0,0,0,7,0,0,1,0,0,0,59292,0,0,0,0,0,0,0,22,0,0,0,0,0,0,0,6,0,0,0,0,0,0,0,0,0,0,0
242,TTG,0,0,0,0,0,0,0,0,0,0,0,0,0,0,0,0,0,0,0,0,0,0,0,0,0,0,0,0,0,0,0,11,0,0,0,0,0,0,0,0,0,0,0,0,0,0,0,0,0,0,0,0,0,0,2,0,0,0,1,0,8,0,59462,0
243,GTA,0,0,0,0,0,0,0,0,0,0,0,0,1,0,0,0,0,0,0,0,0,0,0,0,0,0,0,0,0,0,0,0,0,0,0,0,4,0,0,0,0,0,0,0,60195,0,19,45,0,0,0,0,0,0,0,0,0,0,0,0,1,0,0,0
244,GAA,1,0,0,0,0,0,0,14,0,22,0,0,0,0,0,0,13,0,0,0,0,0,0,0,0,0,0,0,0,0,0,0,60007,3,5,1,0,0,0,0,0,0,0,0,1,0,0,0,0,0,0,0,0,0,0,0,0,0,0,0,0,0,0,0
245,TTC,0,0,0,0,0,0,0,0,0,0,0,0,0,0,0,0,0,0,0,0,0,0,0,0,0,0,0,0,0,0,0,0,0,0,0,0,0,0,0,0,0,0,0,0,0,0,0,0,0,6,0,0,0,1,0,0,0,0,0,0,0,60356,0,1
246,AAG,8,0,60223,12,0,0,2,0,0,0,12,0,0,0,9,0,0,0,22,0,0,0,0,0,0,0,0,0,0,0,0,0,0,0,6,0,0,0,0,0,156,0,0,7,0,0,0,0,0,0,1,0,0,0,0,0,0,0,0,0,0,0,0,0
247,GAT,0,0,0,1,0,0,0,0,0,0,0,0,0,0,0,0,0,0,0,0,0,0,0,0,0,0,0,0,0,0,0,0,11,0,0,60709,0,0,0,2,0,0,0,1,0,0,0,0,0,0,0,1,0,0,0,0,0,0,0,0,0,0,0,0
248,GCC,0,0,0,0,0,6,0,0,0,0,0,0,0,0,0,0,0,0,0,0,0,7,0,8,0,0,0,0,0,0,0,0,0,1,0,0,2,60739,36,12,0,0,0,0,0,24,0,0,0,0,0,0,0,2,0,0,0,0,0,0,0,0,0,0
249,CAC,0,1,0,0,0,0,0,0,0,0,0,0,0,0,0,0,0,60918,0,17,0,0,0,0,0,3,0,0,0,0,0,0,0,0,0,0,0,0,0,0,0,0,0,0,0,0,0,0,0,1,0,0,0,0,0,0,0,0,0,0,0,0,0,0
250,GCC,0,0,0,0,0,16,0,0,0,0,0,0,0,0,0,0,0,0,0,0,0,0,0,0,0,0,0,0,0,0,0,0,0,0,0,0,14,60891,0,11,0,0,0,0,0,0,0,0,0,0,0,0,0,0,0,0,0,0,0,0,0,0,0,0
251,AAG,6,0,60863,1,0,0,0,0,0,0,4,0,0,0,8,0,0,0,0,0,0,0,0,0,0,0,0,0,0,0,0,0,0,0,6,0,0,0,0,0,0,0,0,0,0,0,0,0,0,0,0,0,0,0,0,0,0,0,0,0,0,0,0,0
252,AGG,0,0,22,0,0,0,0,0,23,0,60830,0,0,0,0,0,0,0,0,0,0,0,0,0,0,0,8,6,0,0,0,0,0,0,0,0,0,0,0,0,0,0,8,0,0,0,0,0,0,0,0,0,0,0,0,0,0,0,0,0,0,0,0,0
253,CAA,10,0,0,0,0,0,0,0,0,0,0,0,0,0,0,0,60766,0,5,0,0,0,0,0,31,0,0,0,0,0,0,0,0,0,0,0,0,0,0,0,0,0,0,0,0,0,0,0,8,0,0,0,0,0,0,0,0,0,0,0,0,0,0,0
254,ACC,0,1,0,0,10,60885,0,25,0,8,0,0,4,3,0,0,0,0,13,0,0,0,0,0,0,0,0,0,0,0,0,0,0,0,0,6,0,0,0,0,0,0,0,0,0,0,0,0,0,0,0,0,8,0,0,0,0,0,0,0,0,0,0,0
255,GTC,0,0,0,0,0,0,0,0,0,0,0,0,0,27,0,0,0,0,0,0,0,0,0,0,0,0,0,0,0,0,0,0,0,0,0,0,0,0,0,0,0,0,0,0,6,60721,0,4,0,0,0,0,0,0,0,0,0,0,0,0,0,0,0,0
256,GTC,0,0,0,0,0,0,0,7,0,0,0,0,9,2,0,14,0,0,0,0,0,0,0,0,0,0,0,0,0,0,0,0,0,0,0,0,0,0,0,0,0,0,0,0,20,60463,0,247,0,0,0,0,0,0,0,0,0,0,0,0,0,4,0,0
257,GTT,0,0,0,0,0,0,0,0,0,5,0,0,0,0,0,8,0,0,0,0,0,0,0,0,0,0,0,0,4,0,3,0,0,0,6,0,0,0,0,0,0,0,0,0,0,17,8,57666,0,0,0,0,0,0,0,0,0,0,0,0,0,0,0,0
258,CTG,0,0,0,0,0,0,0,0,0,0,0,0,0,0,1,0,0,0,1,0,0,0,25,0,0,0,0,0,1,6,58907,1,0,0,0,0,0,0,0,0,0,0,0,0,0,0,0,0,0,0,0,0,0,0,0,0,0,0,0,0,0,0,8,0
259,GGG,0,0,0,0,0,0,0,0,0,0,1,0,0,0,0,0,0,0,0,0,0,0,0,0,0,0,0,0,0,0,0,0,0,0,0,0,0,0,0,0,1,0,59798,0,0,0,1,0,0,0,0,0,0,0,0,0,0,0,3,0,0,0,0,0
260,AGC,0,2,0,0,0,0,0,0,0,54048,0,10,0,0,0,0,0,0,0,0,0,0,0,0,0,0,0,0,0,0,0,0,0,0,0,0,0,0,0,0,16,22,0,0,0,0,0,0,0,0,0,0,0,0,0,0,0,0,0,0,0,0,0,0
261,CAG,0,0,2,0,0,0,0,0,0,0,0,0,0,0,0,0,8,0,59540,0,0,0,0,0,0,0,0,0,0,0,0,0,0,0,0,0,0,0,0,0,0,0,0,0,0,0,0,0,0,0,1,0,0,0,0,0,0,0,0,0,0,0,0,0
262,GAA,0,0,0,0,0,0,0,0,0,0,0,0,0,0,0,0,0,0,0,0,0,0,0,0,0,0,0,0,0,0,0,0,59550,0,19,0,0,0,0,0,3,0,0,0,1,0,0,0,5,0,0,0,0,0,0,0,0,0,0,0,0,0,0,0
263,GGA,0,0,0,0,0,0,0,0,1,0,0,0,0,0,0,0,0,0,0,0,0,0,0,0,0,0,0,0,0,0,0,0,0,0,0,0,0,0,0,0,58455,3,0,5,0,0,0,0,0,0,0,0,0,0,0,0,0,0,0,0,0,0,0,0
264,GCC,0,0,0,0,0,1,0,0,0,0,0,0,0,0,0,0,0,0,0,0,0,1,0,0,0,0,0,0,0,0,0,0,0,0,0,0,0,59000,8,5,0,0,0,0,0,18,0,0,0,0,0,0,0,0,0,0,0,0,0,0,0,0,0,0
265,GTT,0,0,0,0,0,0,0,0,0,0,0,0,0,0,0,21,0,0,0,0,0,0,0,0,0,0,0,0,0,0,0,0,0,0,0,0,0,0,0,4,0,0,0,0,3,8,0,58490,0,0,0,0,0,0,0,0,0,0,0,0,0,0,0,1
266,CAC,0,1,0,0,0,0,0,0,0,0,0,0,0,0,0,0,0,57821,0,1,0,0,0,0,0,3,0,0,0,0,0,0,0,0,0,0,0,0,0,0,0,0,0,0,0,0,0,0,0,0,0,0,0,0,0,0,0,0,0,0,0,0,0,0
267,ACG,0,0,0,0,2,0,59480,11,3,0,0,0,0,0,26,0,0,0,0,0,0,0,0,0,0,0,0,0,0,0,0,0,0,0,0,0,0,0,3,0,0,0,0,0,0,0,0,0,0,0,0,0,0,0,0,0,0,0,0,0,8,0,0,0
268,GCT,0,0,0,0,0,0,0,14,0,0,0,0,0,0,0,0,0,0,0,0,0,0,0,0,0,0,0,0,0,0,0,0,0,0,0,0,0,12,10,58907,0,0,0,0,0,0,0,0,0,0,0,0,0,0,0,0,0,0,0,0,0,0,0,0
269,CTC,0,0,0,0,0,0,0,0,0,0,0,0,0,0,0,0,0,0,0,0,0,3,0,0,0,0,0,0,7,58692,0,1,0,0,0,0,0,0,0,0,0,0,0,0,0,0,0,0,0,0,0,0,0,0,0,0,0,0,0,0,0,1,0,0
270,GCT,0,0,0,0,0,0,0,26,0,0,0,0,0,0,0,0,0,0,0,0,0,0,0,0,0,0,0,0,0,0,0,0,0,0,0,0,1,18,0,59588,0,0,0,0,0,0,0,3,0,0,0,0,0,0,0,0,0,0,0,0,0,0,0,0
271,GGA,0,0,0,0,0,0,0,0,1,0,0,0,0,0,0,0,0,0,0,0,0,0,0,0,0,0,0,0,0,0,0,0,0,0,0,0,0,0,0,0,58136,0,4,8,0,0,0,0,0,0,0,0,0,0,0,0,0,0,0,0,0,0,0,0
272,GCT,0,0,0,0,0,0,0,2,0,0,0,0,0,0,0,0,0,0,0,0,0,0,0,1,0,0,0,0,0,0,0,0,0,0,0,0,1,1,0,59797,0,0,0,0,0,0,0,0,0,0,0,0,0,0,0,4,0,0,0,0,0,0,0,0
273,CTA,0,0,0,0,0,0,0,0,0,0,0,0,0,0,0,0,0,0,0,0,5,0,0,0,0,0,0,0,58172,42,25,0,0,0,0,0,0,0,0,0,0,0,0,0,0,0,6,0,0,0,0,2,0,0,0,0,0,0,0,0,7,0,0,0
274,GAG,0,0,0,0,0,0,0,0,0,0,0,0,0,0,0,0,0,0,0,0,0,0,0,0,0,0,0,0,0,0,0,0,1,0,60101,9,0,0,2,0,0,0,1,0,0,0,1,0,0,0,0,0,0,0,0,0,0,0,0,0,0,0,8,0
275,GCT,0,0,0,0,0,0,0,9,0,0,0,0,0,0,0,0,0,0,0,0,0,0,0,0,0,0,0,0,0,0,0,0,0,0,0,0,12,9,12,59409,0,0,0,20,0,0,0,13,0,0,0,0,0,0,0,1,0,0,0,0,0,0,0,0
276,GAG,0,0,0,12,0,0,0,0,0,11,0,0,0,0,0,0,0,0,0,0,0,0,0,0,0,0,0,0,0,0,0,0,18,13,59094,2,0,0,8,0,0,0,9,0,0,0,3,0,0,0,0,0,7,0,0,0,0,0,0,0,0,0,0,0
277,ATG,0,0,0,0,0,0,1,0,0,0,0,0,9,0,58865,8,0,0,0,0,0,0,0,0,0,0,0,0,394,9,0,0,0,0,0,0,0,0,0,0,0,0,0,0,0,0,14,0,0,0,0,0,0,0,0,0,0,0,0,0,0,0,0,0
278,GAT,0,0,0,2,0,1,0,5,0,10,0,11,0,0,7,16,0,0,0,0,0,0,0,0,0,0,0,0,0,0,0,0,13,22,0,59669,0,0,0,0,4,0,0,19,0,22,0,1,0,0,0,0,0,0,0,0,0,4,0,0,0,0,0,0
279,GGT,8,0,0,0,7,0,0,0,0,6,0,3,0,0,0,0,9,0,0,0,0,0,0,0,0,0,0,0,0,0,0,0,0,17,0,10,0,0,0,1,4,8,15,60314,9,0,0,0,0,0,0,0,0,0,0,0,0,0,0,2,0,0,0,0
280,GCA,0,0,17,0,262,4,0,0,0,0,0,7,0,0,0,0,4,0,0,0,20,0,0,0,0,0,0,0,0,0,0,0,26,0,4,2,59712,0,10,4,8,0,0,0,20,7,0,0,0,0,0,0,2,11,0,0,0,0,0,0,0,0,0,0
281,AAG,0,0,60188,17,0,0,13,0,0,0,14,18,0,0,1,0,0,0,9,0,0,0,0,0,0,0,7,0,9,0,8,0,0,0,2,0,0,0,0,0,2,0,0,0,0,0,15,13,0,0,0,0,0,0,2,0,0,0,0,0,0,10,0,0
282,GGA,0,0,0,0,0,0,0,0,1,0,0,0,0,0,0,0,0,0,0,0,0,0,0,0,0,0,0,0,0,0,0,0,15,0,0,0,15,0,0,35,60163,0,13,0,6,0,0,0,0,0,0,0,0,0,0,0,1,0,0,0,0,0,0,0
283,AAG,0,23,59653,2,12,0,23,0,0,0,3,7,0,11,9,18,0,0,0,7,0,0,10,0,0,4,0,0,0,0,6,0,0,0,7,0,6,14,4,4,0,0,0,5,2,0,8,0,0,0,0,0,0,15,0,0,0,11,8,0,0,0,11,0
284,CTG,0,0,0,0,0,0,0,0,0,0,0,0,0,0,18,0,0,0,0,0,0,0,1,0,0,0,0,0,11,1,60062,0,0,0,0,0,0,0,0,0,0,0,0,0,0,0,0,0,0,0,0,0,0,0,0,0,0,0,0,0,0,0,10,0
285,TTC,0,0,0,0,0,0,0,0,0,0,0,0,0,1,0,0,0,0,0,0,0,0,0,0,0,0,0,0,0,10,0,0,0,0,0,0,0,0,0,0,0,0,0,0,0,0,0,0,0,0,0,0,0,9,0,0,0,0,0,0,5,59900,0,12
286,TCT,0,0,0,0,0,0,0,19,0,0,0,0,0,0,0,0,9,0,0,0,0,0,0,8,0,0,0,0,0,0,0,0,0,0,0,0,0,0,0,0,0,14,12,0,0,0,0,0,0,0,0,0,0,9,0,60192,0,0,0,0,0,0,0,0
287,GGC,0,0,0,0,0,4,5,0,0,2,0,0,0,0,0,0,0,0,0,0,0,0,0,0,0,0,0,0,0,0,0,0,0,8,0,0,0,34,0,0,5,60383,15,14,0,0,0,0,0,0,0,0,0,0,0,0,0,1,0,7,0,0,0,0
288,CAC,0,0,0,0,0,0,0,0,0,0,0,0,0,0,0,0,0,60343,0,10,0,0,0,0,0,1,0,0,0,0,0,0,0,0,0,0,0,0,0,0,0,0,0,0,0,0,0,0,0,2,0,0,0,0,0,0,0,0,0,0,0,0,0,0
289,TTG,0,0,0,0,0,0,0,0,0,0,0,0,0,0,1,0,0,0,0,0,0,0,0,0,0,0,0,0,0,0,39,0,0,0,0,0,0,0,0,0,0,0,0,0,0,0,1,0,0,0,0,0,0,0,18,0,0,0,8,0,10,0,60264,0
290,AAA,59259,0,7,0,0,0,0,0,26,0,0,0,0,0,0,0,0,0,0,0,0,0,0,0,0,0,0,0,0,0,0,0,7,0,0,0,0,0,0,0,0,0,0,0,0,0,0,0,0,0,0,0,0,0,0,0,0,0,0,0,0,0,0,0
291,TGC,0,0,0,0,0,0,0,0,0,0,0,0,0,0,0,0,0,0,0,0,0,0,0,0,0,0,0,0,0,0,0,0,0,0,0,0,0,0,0,0,0,0,0,0,0,0,0,0,0,9,0,0,0,0,0,0,0,60264,0,24,0,2,0,0
292,CGC,0,0,0,0,0,0,0,0,0,0,3,0,0,0,0,0,0,11,4,0,0,0,0,0,0,60367,0,1,0,0,0,0,0,0,0,0,0,0,0,0,0,0,0,0,0,0,0,0,0,0,0,0,0,0,0,0,0,3,0,0,0,0,0,0
293,CTA,0,0,0,0,0,0,0,0,0,0,0,0,23,0,43,7,3,0,0,0,18,0,0,0,0,0,0,0,59975,0,3,0,0,0,0,0,0,0,0,0,0,0,0,0,0,0,0,0,0,0,0,0,0,0,0,0,0,0,0,0,19,0,0,0
294,AAA,60244,0,11,0,0,0,0,0,1,0,0,0,0,0,0,0,0,0,0,0,0,0,0,0,0,0,0,0,0,0,0,0,1,0,0,0,0,0,0,0,0,0,0,0,0,0,0,0,0,0,0,0,0,0,0,0,0,0,0,0,0,0,0,0
295,ATG,0,0,0,0,0,0,0,0,0,0,0,0,0,0,60771,1,0,0,0,0,0,0,0,0,0,0,0,0,7,0,0,0,0,0,0,0,0,0,0,0,0,0,0,0,0,0,2,0,0,0,0,0,0,0,0,0,0,0,0,0,0,0,0,0
296,GAC,0,2,0,0,0,0,0,0,0,0,0,0,0,0,0,0,5,0,0,0,0,0,0,0,0,0,0,0,0,0,0,0,4,60444,0,1,0,0,0,0,0,4,0,0,0,0,0,0,0,0,0,0,0,0,0,0,0,0,0,0,0,0,0,0
297,AAG,2,0,59577,1,0,0,0,0,0,0,102,0,0,0,0,0,0,0,0,0,0,0,0,0,0,5,0,0,0,0,0,0,0,0,0,0,2,0,0,0,0,0,0,0,0,0,0,0,0,0,0,0,0,0,0,0,0,0,0,0,0,0,0,0
298,CTT,0,0,0,0,0,0,0,0,0,0,0,0,0,0,0,0,0,0,0,0,0,0,0,0,0,0,0,0,0,11,7,60074,0,0,0,0,0,0,0,0,0,0,0,0,0,0,0,0,0,0,0,0,0,0,0,0,0,0,0,0,10,0,0,0
299,AGA,0,0,0,0,7,0,0,0,60644,0,0,0,0,0,0,0,0,0,0,0,0,0,0,0,0,0,0,0,0,0,0,0,0,0,0,0,0,0,0,0,4,0,0,0,0,0,0,0,0,0,0,0,0,0,0,0,0,0,0,0,0,0,0,0
300,TTG,0,0,0,0,0,0,0,0,0,0,0,0,0,0,0,0,0,0,0,0,0,0,0,0,0,0,0,0,0,0,34,0,0,0,0,0,0,0,0,0,0,0,0,0,0,0,0,0,0,0,0,0,0,0,7,0,0,0,0,0,14,0,60329,0
301,AAG,1,0,60141,10,0,0,0,0,0,0,17,0,0,0,0,0,0,19,0,0,0,0,0,0,13,0,0,0,0,0,0,0,0,0,9,0,0,0,0,0,0,0,0,0,0,0,0,12,0,0,0,0,0,0,0,0,0,0,0,0,0,0,0,0
302,GGC,0,0,0,0,0,0,0,0,0,22,0,0,0,0,0,0,0,0,0,0,0,0,0,0,0,0,0,0,0,0,0,0,0,0,0,0,0,0,0,0,3,45066,0,0,0,0,0,0,0,0,0,0,0,0,0,0,0,0,0,0,0,0,0,0
303,GTG,0,0,0,0,0,0,0,0,0,0,0,2,0,0,12,0,0,0,0,0,0,0,0,0,0,0,0,0,0,0,0,0,0,0,0,0,0,0,6,0,0,0,0,0,2,3,45089,6,0,0,0,0,0,0,0,0,0,0,0,0,0,0,1,0
304,TCA,0,0,0,0,17,4,3,0,0,0,0,0,0,0,0,0,0,0,0,0,17,0,0,0,0,0,0,0,0,0,0,0,0,0,0,0,0,0,0,0,0,0,0,0,0,0,0,0,0,0,0,0,45081,0,0,0,0,0,0,0,0,7,0,2
305,TAT,0,0,0,0,0,0,0,0,0,0,0,0,0,0,0,0,0,0,0,12,0,0,0,0,0,0,0,0,0,0,0,0,0,0,0,0,0,0,0,0,0,0,0,0,0,0,0,0,0,0,0,45099,0,0,0,0,0,0,0,8,0,0,0,0
306,TCC,0,10,0,0,0,0,0,0,0,0,0,0,0,0,0,0,0,14,0,0,0,0,0,0,0,0,0,0,0,0,0,0,0,0,0,0,0,0,0,0,0,0,6,0,0,0,0,0,0,0,0,0,1,44961,0,5,0,0,0,0,0,4,0,0
307,TTG,0,0,9,0,0,0,0,0,0,0,0,0,3,0,4,0,0,0,0,0,0,0,0,0,0,0,0,0,0,0,36,0,0,0,0,0,0,4,2,5,0,0,0,0,4,0,3,0,0,0,0,3,0,0,20,0,0,0,0,0,0,0,45001,13
308,TGC,0,0,0,0,0,0,0,0,0,0,0,0,0,0,0,0,0,0,0,0,0,0,0,0,0,4,0,0,0,0,0,0,0,0,0,0,0,0,0,0,0,0,0,0,0,0,0,0,0,1,0,0,0,0,0,0,1,45055,0,32,0,1,0,0
309,ACT,0,0,0,4,3,15,4,44295,0,0,0,3,0,0,0,1,0,0,0,0,0,0,0,0,0,0,0,261,0,0,0,0,0,0,0,0,0,0,0,6,0,0,0,0,0,0,0,0,0,0,0,0,0,0,0,0,0,0,0,0,0,0,0,0
310,GCG,0,0,0,0,0,0,7,0,0,1,0,0,0,0,0,0,0,35,0,0,0,0,0,0,22,0,0,0,0,0,0,0,0,6,0,136,3,0,44514,0,0,0,0,0,0,0,9,0,0,11,0,0,0,124,187,0,0,0,0,0,0,0,0,0
311,GCA,0,0,0,0,18,0,0,0,0,0,0,0,0,0,0,0,0,21,0,0,75,0,0,17,0,0,0,0,0,0,0,0,99,0,44,120,44494,0,0,0,9,6,13,0,7,0,0,0,0,116,0,0,1,0,0,0,0,0,16,0,7,0,3,53
312,TTC,0,0,0,0,0,0,0,0,0,0,0,0,0,0,0,0,0,0,0,0,0,0,0,0,0,0,0,0,0,1,0,0,0,0,0,0,0,0,0,0,0,0,0,0,0,1,0,0,0,0,0,0,0,6,0,0,0,0,0,0,0,45112,0,1
313,ACA,0,0,0,0,45049,0,6,5,0,0,0,0,10,0,0,0,0,0,0,0,0,0,0,0,0,0,0,0,0,0,0,0,0,0,0,0,8,0,0,0,0,0,0,0,0,0,0,0,0,0,0,0,0,0,0,0,0,0,0,0,0,0,0,0
314,TTC,0,0,0,0,0,0,0,0,0,0,0,0,0,0,0,0,0,0,0,0,0,0,0,0,0,0,0,0,0,8,0,0,0,0,0,0,0,0,0,0,0,0,0,0,0,0,0,0,0,0,0,0,0,0,0,0,0,0,0,0,0,45123,0,13
315,ACC,0,3,0,0,0,44903,10,6,0,6,0,0,4,1,8,6,8,0,11,1,0,0,0,0,0,0,0,0,117,2,5,5,0,0,0,7,0,0,0,0,0,0,3,0,0,15,8,6,0,0,0,0,0,0,0,0,0,3,0,1,16,0,9,2
316,AAG,0,0,44700,5,0,0,6,0,0,0,8,0,0,0,1,0,0,0,0,0,0,0,0,0,0,0,4,0,0,0,0,0,0,0,5,0,0,0,0,0,0,0,0,0,0,0,0,0,0,0,0,0,0,0,0,0,0,0,0,0,0,0,0,0
317,GTC,0,4,0,0,0,0,0,0,0,0,4,0,2,10,0,0,0,0,0,0,0,2,0,0,0,0,0,0,0,0,0,0,0,0,0,0,0,0,0,0,0,0,0,0,0,44800,0,24,0,0,0,0,0,265,0,0,0,0,0,0,0,0,3,0
318,CCA,0,0,0,0,0,0,0,0,0,0,0,0,0,0,0,0,0,0,0,0,44644,6,11,3,0,0,0,0,2,0,0,0,0,0,0,0,0,0,0,0,0,0,0,0,0,0,0,0,0,0,0,0,1,0,0,0,0,0,0,0,0,0,0,0
319,GCT,0,0,0,0,10,0,0,3,0,0,0,1,0,0,0,0,0,0,0,0,0,0,0,0,0,0,0,0,0,0,0,0,0,0,0,0,0,21,0,44712,0,0,0,0,5,5,0,17,0,0,0,0,0,13,0,3,0,0,0,0,0,0,0,0
320,GAA,0,0,0,0,0,0,0,0,0,0,0,0,0,0,0,0,14,0,0,0,0,0,0,0,0,0,0,0,0,0,0,0,44999,0,1,0,0,0,0,0,1,6,0,0,0,0,0,8,0,0,0,0,0,5,0,0,0,0,0,0,0,0,0,0
321,ACA,0,0,0,0,45036,0,4,9,0,0,0,0,1,0,0,0,0,0,0,0,0,0,0,0,0,0,0,0,0,0,0,0,0,0,0,0,1,0,0,0,0,0,0,0,0,0,0,0,0,0,0,0,0,0,0,0,0,0,0,0,0,0,0,0
322,CTG,0,0,0,0,0,0,0,0,0,0,0,0,0,0,0,0,0,0,0,0,0,0,4,0,0,0,0,0,12,4,44975,5,0,0,0,0,0,0,0,0,0,0,0,0,0,0,0,0,0,0,0,0,0,0,0,0,0,0,0,0,0,0,0,0
323,CAT,0,0,0,0,0,0,0,0,0,0,0,0,0,0,0,0,0,1,0,45015,0,0,0,0,0,0,0,1,0,0,0,0,0,0,0,0,0,0,0,0,0,0,0,0,0,0,0,0,0,0,0,5,0,0,0,0,0,0,0,0,0,0,0,0
324,GGA,0,0,0,0,0,0,0,0,1,0,0,0,0,0,0,0,0,0,0,0,0,0,0,0,0,0,0,0,0,0,0,0,1,0,0,0,0,0,0,0,45083,0,0,0,0,0,0,0,0,0,0,0,0,0,0,0,0,0,0,0,0,0,0,0
325,ACA,0,0,0,0,45099,0,5,0,0,0,0,0,4,0,0,0,0,0,0,0,0,0,0,0,0,0,0,0,0,0,0,0,0,0,0,0,3,0,0,0,0,0,0,0,0,0,0,0,0,0,0,0,0,12,0,0,0,0,0,0,0,0,0,0
326,GTC,0,0,0,0,0,0,0,0,0,0,0,0,0,0,0,6,0,0,0,0,0,0,0,0,0,0,0,0,0,0,0,0,0,0,0,0,0,0,0,0,0,0,0,0,0,44527,0,3,0,0,0,0,0,0,0,0,0,0,0,0,0,0,0,0
327,ACA,1,0,0,0,44337,4,14,0,0,0,0,44,4,0,0,0,0,0,0,0,0,0,0,0,0,0,0,0,0,0,0,0,0,0,0,0,9,0,0,0,0,0,0,0,0,0,0,0,0,0,0,0,116,6,0,0,0,0,0,0,0,3,0,0
328,GTG,0,0,0,0,0,0,0,0,0,0,0,0,0,0,1,0,0,0,0,0,0,0,0,0,0,0,0,0,0,0,0,0,0,0,0,0,0,0,3,0,0,0,0,0,1,0,45061,10,0,0,0,0,0,0,0,0,0,0,0,0,0,0,0,0
329,GAG,0,0,1,0,0,19,0,0,0,0,0,0,0,0,0,0,0,0,0,0,0,0,0,0,0,0,0,0,0,0,0,0,34,0,44939,0,0,0,0,0,0,0,7,0,0,0,1,0,0,0,0,0,0,0,0,0,0,0,0,0,0,0,0,0
330,GTG,0,0,0,0,0,0,0,0,0,0,0,0,0,0,1,0,0,0,0,0,0,0,0,0,0,0,0,0,0,0,0,0,0,0,0,0,0,0,1,0,0,0,0,0,13,0,44780,0,0,0,0,0,0,0,0,0,0,0,0,0,0,0,0,0
331,CAG,0,0,1,13,0,3,0,0,0,0,0,0,0,0,0,0,2,0,44089,0,0,0,0,0,0,0,10,0,0,0,4,0,0,0,0,0,0,0,0,0,0,0,0,0,0,0,0,0,0,0,8,0,0,0,0,0,0,0,0,0,0,0,0,0
332,TAT,0,0,0,0,0,0,0,0,0,0,0,0,0,0,0,0,0,0,0,13,0,0,0,0,0,0,0,0,0,0,0,0,0,0,0,0,0,0,0,0,0,0,0,0,0,0,0,0,0,2,0,45032,0,0,0,0,0,0,0,1,0,0,0,0
333,GCA,5,0,0,0,259,36,99,0,27,0,14,0,0,0,0,59,0,6,0,0,0,0,0,0,8,0,206,5,0,354,0,0,1,3,283,131,42877,1,23,2,8,0,8,0,23,0,0,0,0,0,0,0,0,4,0,0,0,246,248,0,2,0,4,0
334,GGG,0,0,0,0,0,0,0,0,0,0,0,0,0,0,0,0,0,0,0,0,0,0,0,0,0,0,0,0,0,0,0,0,0,0,10,0,0,0,0,0,8,10,44928,1,0,0,1,0,0,0,0,0,0,0,0,0,0,0,3,0,0,0,0,0
335,ACA,86,0,0,0,44619,2,28,0,25,0,0,0,11,0,0,0,0,177,0,0,0,0,0,0,0,0,0,0,0,0,0,0,0,0,0,0,3,0,0,0,0,0,0,0,0,0,0,0,0,0,0,0,0,0,0,0,0,0,0,0,0,0,0,0
336,GAT,0,0,0,0,0,0,0,0,0,0,0,0,0,0,0,0,0,0,0,0,0,0,0,0,0,0,0,0,0,0,0,0,0,2,0,44979,0,0,0,0,0,0,0,4,0,0,0,0,0,0,0,1,0,0,0,0,0,0,0,0,0,0,0,0
337,GGA,0,0,0,0,0,0,0,0,1,0,0,0,0,0,0,0,0,0,0,0,0,0,0,0,1,0,0,0,0,0,0,0,0,0,0,0,0,0,0,0,44746,0,5,11,0,0,0,0,0,0,0,0,0,0,0,0,3,0,0,0,0,0,0,0
338,CCC,0,0,0,0,0,0,0,0,0,0,0,0,0,0,0,0,0,0,0,0,9,45008,6,0,0,1,0,0,0,4,0,0,0,0,0,0,0,0,0,0,0,0,0,0,0,0,0,0,0,0,0,0,0,4,0,0,0,0,0,0,0,0,0,0
339,TGC,0,0,0,0,0,0,0,0,0,0,0,0,0,0,0,0,0,0,0,0,0,0,0,0,0,30,0,0,0,0,0,0,0,0,0,0,0,0,0,0,0,0,0,0,0,0,0,0,0,12,0,0,0,0,0,0,0,43835,1,474,0,0,0,0
340,AAG,1,0,44920,1,0,0,0,0,0,0,2,0,0,0,1,0,0,0,0,0,0,0,0,0,0,0,0,0,0,0,0,0,0,0,4,0,0,0,0,0,0,0,0,0,0,0,0,0,0,0,0,0,0,0,0,0,0,0,0,0,0,0,0,0
341,ATC,0,0,0,0,0,0,0,0,0,0,0,0,0,44623,0,4,0,0,0,0,0,0,0,0,0,0,0,0,0,0,0,0,0,0,0,0,0,0,0,0,0,0,0,0,0,1,0,0,0,0,0,0,0,0,0,0,0,0,0,0,0,0,0,0
342,CCA,0,0,0,0,1,0,0,0,0,0,0,0,0,0,0,0,1,0,0,0,44835,0,6,0,0,0,0,0,0,0,0,0,0,0,0,0,0,0,0,0,0,0,0,0,0,0,0,0,0,0,0,0,6,0,0,0,0,0,0,0,0,0,0,0
343,GTC,0,0,0,0,0,0,0,0,0,0,0,0,0,0,0,0,0,0,0,0,0,0,0,0,0,0,0,0,0,0,0,0,0,0,0,0,0,125,84,4,0,0,0,0,4,44640,0,1,0,0,0,0,0,0,0,0,0,0,0,0,0,0,0,0
344,CAG,0,0,6,0,1,0,4,9,7,0,0,8,0,8,5,17,5,0,44615,4,0,0,0,0,0,5,48,0,0,0,0,0,0,0,0,0,10,0,0,0,0,0,0,7,0,0,0,0,0,8,1,16,14,0,10,0,0,8,8,2,0,5,0,0
345,ATG,0,0,0,0,0,0,0,0,0,0,0,0,6,0,44183,4,0,0,0,0,0,0,0,0,0,0,0,0,0,0,0,0,0,0,0,0,0,0,0,0,0,0,0,0,0,0,0,0,0,0,0,0,0,0,0,0,0,0,0,0,0,0,0,0
346,GCG,0,0,0,0,0,0,1,0,0,11,0,0,0,0,0,0,0,0,0,0,0,0,0,0,0,0,21,4,0,0,0,0,0,0,0,0,230,0,44680,7,0,0,5,6,0,0,44,0,0,0,0,0,0,0,14,0,0,0,0,0,0,0,0,0
347,GTG,0,0,0,0,0,0,0,0,0,0,2,0,5,5,3,7,0,0,0,0,0,8,196,2,0,0,0,0,0,0,0,0,0,0,0,0,0,0,1,0,0,0,0,0,2,0,44890,0,0,0,0,0,0,0,0,0,0,0,0,6,0,0,0,0
348,GAC,0,11,0,3,0,0,0,0,0,0,0,0,0,0,0,0,0,0,0,0,0,0,0,0,0,0,0,0,0,0,0,0,181,44909,6,9,0,0,0,0,0,7,0,0,0,0,0,0,0,4,0,0,0,0,4,0,0,0,0,0,0,0,0,0
349,ATG,0,0,0,0,0,3,8,0,0,0,1,8,37,0,44951,13,12,0,15,0,0,1,0,7,0,0,0,0,0,3,0,0,0,0,4,0,0,0,0,0,0,0,0,4,0,0,9,2,0,0,0,0,0,4,0,0,0,0,0,0,0,0,0,0
350,CAG,4,8,0,0,0,0,0,0,0,0,4,0,0,12,1,0,51,0,44340,3,4,0,12,15,0,2,273,27,272,0,3,18,0,0,0,0,0,0,0,0,0,0,5,0,0,0,0,0,0,12,13,0,0,0,0,0,0,0,0,0,0,0,0,0
351,ACC,0,3,0,0,1,44813,10,8,0,0,0,0,0,3,0,7,0,3,0,0,0,0,0,0,0,8,0,0,10,9,0,0,0,0,0,0,9,4,0,0,161,0,0,29,0,0,0,0,0,0,0,0,0,0,0,0,0,0,0,0,3,0,4,0
352,CTG,0,0,22,0,0,0,0,0,0,0,0,0,0,0,2,0,4,0,0,0,0,0,38,0,0,83,14,0,3,5,44876,5,0,0,3,0,0,0,8,15,0,0,6,0,0,1,0,0,0,0,0,0,0,0,8,0,0,0,0,0,0,15,9,0
353,ACC,0,2,0,0,4,45033,0,8,0,5,0,0,0,0,0,0,0,0,0,0,0,0,0,0,9,0,0,3,0,0,0,0,0,0,0,0,0,4,0,0,4,0,0,0,0,0,0,0,0,5,0,0,0,14,0,0,0,0,0,0,0,0,0,0
354,CCA,5,0,0,0,4,6,2,6,0,0,0,13,0,0,0,0,0,7,0,13,44981,0,14,1,0,0,0,0,3,0,0,0,0,0,0,0,11,0,0,0,0,0,0,6,0,0,0,0,0,0,0,0,15,9,0,0,0,0,0,0,0,0,0,0
355,GTT,0,0,0,0,0,26,0,0,0,0,0,0,0,9,0,11,0,0,0,0,0,0,0,0,0,0,0,0,4,7,0,38,0,0,0,0,0,7,0,4,11,2,3,18,0,4,31,42489,0,0,0,0,0,3,0,0,0,0,0,0,0,0,0,0
356,GGA,0,0,0,0,0,0,0,0,1,0,0,0,0,0,0,0,0,0,0,0,0,0,0,0,0,0,0,0,0,0,0,0,0,0,0,0,0,0,0,0,43121,0,19,0,0,0,0,0,0,0,0,0,0,0,0,0,0,0,0,0,0,0,0,0
357,AGG,0,0,0,0,0,0,0,0,2,0,43079,0,0,0,0,0,0,0,0,0,0,0,0,0,0,0,0,0,0,0,0,0,0,0,0,0,0,0,0,0,0,0,2,0,0,0,0,0,0,0,0,0,0,0,0,0,0,0,0,0,0,0,0,0
358,CTG,0,0,0,0,3,0,0,0,0,0,0,0,0,0,2,0,0,0,0,0,0,0,13,0,0,0,0,0,11,0,43072,0,0,0,0,0,0,0,0,0,0,0,0,0,8,4,5,0,0,0,0,0,0,0,0,0,0,0,0,0,0,0,12,0
359,ATA,0,0,0,0,17,0,0,0,0,0,0,0,41995,2,5,0,0,0,0,0,0,0,0,0,0,0,0,0,0,0,0,0,0,0,0,0,0,0,0,0,0,0,0,0,18,0,0,0,0,0,0,0,0,0,0,0,0,0,0,0,0,0,0,0
360,ACC,0,2,0,0,0,43202,11,4,0,0,0,0,0,1,0,0,0,0,0,0,0,0,0,0,0,0,0,0,0,0,0,0,0,0,0,0,0,1,0,0,0,0,0,0,0,0,0,0,0,0,0,0,0,0,0,0,0,0,0,0,0,0,0,0
361,GCC,0,0,0,0,0,28,0,0,0,0,0,0,0,0,0,0,0,0,0,0,0,0,0,0,0,0,0,0,0,0,0,0,0,0,0,0,0,42389,0,6,0,0,0,0,0,1,0,0,0,5,0,0,0,0,0,0,0,0,0,0,0,0,0,0
362,AAC,0,43319,0,4,0,0,0,0,0,0,0,0,0,0,0,0,0,0,0,4,0,0,0,0,0,0,0,0,0,0,0,0,0,2,0,0,0,0,0,0,0,0,0,0,0,0,0,0,0,2,0,0,0,0,0,0,0,0,0,0,0,0,0,0
363,CCC,0,0,0,0,0,0,0,0,0,0,0,0,0,0,0,0,0,0,0,0,15,42679,0,2,0,0,0,0,0,1,0,0,0,0,0,0,0,0,0,0,0,0,0,0,0,0,0,0,0,0,0,0,0,2,0,0,0,0,0,0,0,0,0,0
364,GTG,0,0,0,0,0,0,0,0,0,0,0,0,0,70,2,0,0,0,0,0,0,0,0,0,0,0,0,0,3,0,0,0,0,0,0,0,0,0,0,0,0,0,0,0,8,9,43132,81,0,0,0,0,0,0,0,0,0,0,0,0,0,2,2,0
365,ATT,0,0,0,0,0,0,0,0,0,0,0,0,4,30,0,43624,0,0,0,0,0,0,0,0,0,0,0,0,0,0,0,0,0,0,0,0,0,0,0,0,0,0,0,0,0,2,0,1,0,0,0,0,0,0,0,0,0,0,0,0,0,0,0,0
366,ACT,0,0,0,0,4,19,9,44035,0,0,0,0,0,0,0,81,0,0,0,0,8,0,0,3,0,0,0,0,0,2,0,0,0,0,0,0,8,0,0,5,0,0,0,0,0,0,0,0,0,0,0,0,0,0,0,6,0,0,0,0,0,0,0,0
367,GAA,5,0,0,0,0,0,0,0,0,0,0,0,0,0,0,0,0,0,0,0,0,0,0,0,0,0,0,0,0,0,0,0,43590,0,0,0,0,0,0,0,0,0,0,0,1,0,0,0,0,0,0,0,0,0,3,0,0,7,0,0,0,0,0,0
368,AGC,0,17,0,0,0,5,0,0,0,43630,0,13,0,0,5,2,0,0,0,0,0,0,0,0,0,0,7,0,0,0,0,0,0,0,0,0,0,0,0,0,0,6,0,7,0,0,0,0,0,0,0,0,0,0,0,4,0,0,0,0,0,0,0,0
369,ACT,0,0,0,0,0,4,0,43878,0,0,0,7,0,0,0,1,0,0,0,0,0,0,0,0,4,0,0,0,0,0,0,0,27,0,0,0,0,0,0,2,0,0,4,0,0,5,0,0,0,0,0,0,0,0,6,0,0,0,9,0,0,0,0,0
370,GAG,0,0,0,0,0,0,0,0,0,0,0,0,0,0,0,0,0,0,0,0,0,0,0,0,0,0,0,0,0,0,0,0,4,0,43651,0,0,0,1,0,0,0,10,0,9,0,0,0,0,0,0,0,0,0,0,0,0,0,0,0,0,0,0,0
371,AAC,0,42869,0,9,0,0,0,0,0,1,0,0,0,0,0,0,0,4,0,0,0,0,0,0,0,0,0,0,3,4,115,0,0,2,0,0,0,0,0,0,0,0,0,0,0,0,0,0,0,0,0,0,0,0,0,0,0,0,0,0,0,0,0,0
372,TCA,0,0,0,0,0,0,0,0,0,0,0,0,0,0,0,0,0,0,0,0,7,0,0,0,0,0,0,0,0,0,0,0,0,0,0,0,7,0,0,0,6,0,0,0,0,0,0,0,0,0,0,0,42539,0,6,0,0,0,0,0,1,0,0,0
373,AAG,2,6,43673,0,0,0,0,0,5,0,11,0,0,0,7,7,0,0,20,0,0,0,0,0,4,0,0,0,7,1,2,0,0,0,3,0,0,0,0,2,0,0,0,0,0,0,0,6,0,5,0,0,0,0,0,0,0,7,0,0,7,0,0,0
374,ATG,0,0,8,0,0,0,7,0,0,18,0,0,1,0,43953,0,0,0,0,0,0,0,0,0,0,0,0,0,0,0,0,8,0,0,0,0,0,0,0,0,0,0,0,0,0,0,0,0,0,0,0,0,0,0,0,0,0,0,0,0,0,0,0,8
375,ATG,0,0,47,0,0,0,5,0,0,81,0,7,0,0,43990,2,0,0,0,0,0,0,0,0,0,0,0,0,0,0,5,0,0,0,21,16,7,21,0,0,0,1,4,0,0,0,3,0,0,0,0,4,18,17,0,15,0,0,0,0,0,0,6,14
376,TTG,0,0,0,0,0,0,0,0,0,0,0,0,0,0,0,0,0,0,0,0,0,0,0,0,0,0,0,0,0,0,2,0,0,0,0,0,0,0,0,0,0,0,0,0,0,0,0,6,0,0,0,0,0,0,3,0,0,0,0,0,6,0,44463,0
377,GAG,0,0,0,0,0,0,0,0,0,0,0,0,0,0,0,0,0,0,0,0,0,0,0,0,0,0,0,0,0,0,0,0,6,0,42396,1,0,0,0,0,0,0,5,0,0,0,0,0,0,0,0,0,0,0,0,0,0,0,0,0,0,0,0,0
378,CTT,0,0,0,0,0,0,0,0,0,0,0,0,12,3,0,7,0,0,0,0,0,0,0,2,0,0,0,1,4,8,5,43738,0,0,0,0,0,0,0,0,0,0,0,0,0,0,0,0,0,0,0,0,0,0,0,0,0,0,0,0,0,0,0,2
379,GAC,0,1,0,0,0,0,0,0,0,0,0,0,0,0,0,0,0,0,0,0,0,0,0,0,0,0,0,0,0,0,0,0,0,44546,0,4,0,0,0,0,0,6,0,0,0,0,0,0,0,0,0,0,0,0,0,0,0,0,0,0,0,0,0,0
380,CCA,0,0,0,0,0,0,0,0,0,0,0,0,0,0,0,0,1,0,0,0,43995,6,4,0,0,0,0,0,4,0,0,0,0,0,0,0,0,0,0,0,0,0,0,0,0,0,0,0,0,0,0,0,0,0,0,0,0,0,0,0,0,0,0,0
381,CCA,0,0,0,0,0,0,0,0,0,0,0,0,0,0,0,0,1,0,0,0,44240,0,1,0,0,0,0,0,13,0,0,0,0,0,0,0,0,0,0,0,0,0,0,0,0,0,0,0,0,0,0,0,0,0,0,0,0,0,0,0,0,0,0,0
382,TTT,0,0,0,0,0,0,0,0,0,0,0,0,0,0,0,0,0,0,0,0,0,0,0,0,0,0,0,0,0,0,0,10,0,0,0,0,0,0,0,0,0,0,0,0,0,0,0,0,0,0,0,0,0,0,0,3,0,0,0,0,0,3,0,44605
383,GGG,0,0,0,0,0,0,0,0,0,0,0,0,0,0,0,0,0,0,0,0,0,0,0,0,0,0,0,0,0,0,0,0,0,0,1,0,0,0,0,0,0,0,44284,23,0,0,0,0,0,0,0,0,0,0,0,0,0,0,3,0,0,0,0,0
384,GAT,0,0,0,2,0,0,0,0,0,0,0,0,0,0,0,0,0,0,0,2,0,0,0,0,0,0,0,0,0,0,0,0,0,0,0,44621,0,0,0,0,0,0,0,0,0,0,0,0,0,0,0,0,0,0,0,0,0,0,0,0,0,0,0,0
385,TCT,0,0,0,0,0,0,0,0,0,0,0,0,0,0,0,0,0,0,0,0,0,0,0,0,0,0,0,0,0,0,0,0,0,0,0,0,0,0,0,0,0,0,0,0,0,0,0,0,0,0,0,1,5,88,1,44413,0,0,0,0,0,0,0,0
386,TAC,0,0,0,0,0,0,0,0,0,0,0,0,0,0,0,0,0,9,6,0,0,0,0,0,0,0,0,0,3,4,0,0,0,0,7,0,0,0,0,0,0,0,0,0,0,0,2,0,1,44129,1,0,0,0,0,0,0,2,4,0,5,0,0,0
387,ATT,0,0,0,0,0,0,0,1,0,0,0,0,3,4,0,43773,0,0,0,0,0,0,0,0,0,0,0,0,0,0,0,0,0,0,0,0,0,0,0,0,0,0,0,0,0,0,0,6,0,0,0,0,0,0,0,0,0,0,0,0,0,0,0,0
388,GTC,0,0,0,0,0,0,0,0,0,0,0,0,0,4,0,0,0,0,0,0,0,0,0,0,0,0,0,0,0,0,0,0,0,0,0,0,0,3,0,0,0,0,0,0,2,44111,7,4,0,0,0,0,1,0,0,0,0,0,0,0,0,8,0,0
389,ATA,0,0,0,0,15,0,0,0,0,0,0,0,43280,0,14,0,0,0,0,0,0,0,0,0,0,0,0,0,0,0,0,0,0,0,0,0,0,0,0,0,0,0,0,0,0,0,0,0,0,0,0,0,0,0,0,0,0,0,0,0,0,0,0,0
390,GGA,0,0,0,0,0,0,0,0,0,0,0,0,0,0,0,0,0,0,0,0,0,0,0,0,0,0,0,0,0,0,0,0,0,0,0,0,0,0,0,0,44345,0,7,1,0,0,0,0,0,0,0,0,0,0,0,0,1,0,0,0,0,0,0,0
391,GTT,0,3,5,0,3,4,0,0,0,0,0,0,0,0,6,2,0,10,0,0,0,0,0,0,0,9,0,0,6,0,0,0,0,0,0,0,0,3,0,6,11,0,0,0,8,4,6,44439,0,0,0,10,3,0,2,0,0,0,0,0,0,0,0,9
392,GGG,0,0,0,0,0,0,0,0,0,0,11,5,0,0,0,0,0,0,0,0,0,6,0,0,0,0,0,0,0,0,0,0,0,4,0,0,0,0,3,0,10,7,44015,6,0,0,0,0,0,0,0,0,6,0,5,0,0,0,0,0,0,0,0,0
393,GAC,0,2,0,0,0,0,0,0,0,0,0,0,0,0,0,0,0,0,0,0,0,0,0,0,0,0,0,0,0,0,0,0,6,44209,0,0,4,0,0,0,67,2,0,0,0,0,0,0,0,0,0,0,0,0,0,0,0,0,0,0,0,0,0,0
394,AAG,4,0,44867,2,0,0,0,0,0,0,19,0,0,0,3,0,0,0,5,0,0,0,0,0,0,0,0,0,0,0,0,0,0,0,7,0,0,0,0,0,0,0,0,0,0,0,0,0,0,0,1,0,0,0,0,0,0,0,0,0,0,0,0,0
395,AAA,44290,0,4,0,0,0,0,0,12,0,0,0,0,0,0,0,0,0,0,0,0,0,0,0,0,0,0,0,0,0,0,0,19,0,0,0,0,0,0,0,0,0,0,0,0,0,0,0,0,0,0,0,0,0,1,0,0,0,0,0,0,0,0,0
396,ATC,5,0,0,0,0,5,0,0,0,0,0,0,4,43970,0,0,0,0,0,0,0,0,0,0,0,0,0,0,0,0,0,0,0,0,0,0,144,126,0,0,0,0,0,0,0,1,4,2,0,0,0,0,0,0,0,0,0,0,0,4,0,0,0,0
397,ACC,0,0,0,3,10,43865,0,1,0,0,0,0,0,4,4,0,0,8,0,8,0,0,0,0,0,0,0,6,0,0,0,0,0,4,0,1,0,13,94,7,0,0,0,0,0,0,0,5,0,0,0,0,0,0,0,0,0,3,0,0,0,0,0,0
398,CAC,0,0,0,0,0,0,0,0,0,0,0,0,0,0,0,0,0,44529,0,0,0,0,0,0,0,0,0,0,0,0,0,0,0,0,0,0,0,0,0,0,0,0,0,0,0,0,0,0,0,2,0,0,0,0,0,0,0,0,0,0,0,9,0,0
399,CAC,0,0,0,0,0,0,0,0,0,0,0,0,0,0,0,0,0,43837,0,5,0,7,0,0,0,1,0,0,0,0,0,0,0,0,0,0,0,12,0,1,0,0,0,0,0,0,0,0,0,2,0,0,1,0,0,0,0,0,0,0,0,0,0,0
400,TGG,0,0,0,0,0,0,0,0,0,0,0,0,0,0,0,0,0,0,0,0,0,0,0,0,0,0,12,0,0,0,0,0,0,0,0,0,0,0,0,0,0,0,0,0,0,0,0,0,0,0,2,0,0,0,0,0,4,0,44300,10,0,0,0,0
401,CAT,0,0,0,0,0,0,0,0,0,0,0,0,0,0,0,0,0,11,0,51289,0,0,0,0,0,0,0,1,0,0,0,0,0,0,0,0,0,0,0,0,0,0,0,0,0,0,0,0,0,7,0,216,0,0,0,9,0,0,0,0,0,0,0,0
402,AGG,0,0,0,0,0,0,0,0,0,0,51519,1,0,0,8,0,0,0,0,0,0,0,0,0,0,0,0,0,0,0,0,0,0,0,0,0,0,0,0,0,0,0,11,0,0,0,0,0,0,0,0,0,0,0,0,0,0,0,0,0,0,0,0,0
403,AGT,0,0,0,0,0,0,3,0,0,14,0,51386,0,0,3,0,8,0,0,0,0,0,0,0,0,0,1,0,3,0,0,0,0,0,0,0,0,0,0,0,0,0,0,2,8,0,0,0,0,0,0,17,5,0,0,0,0,0,0,0,0,0,1,0
404,GGT,0,0,0,0,0,0,0,0,0,0,0,2,0,0,0,0,0,0,0,0,0,0,0,0,0,0,0,0,0,0,0,0,0,0,0,1,0,0,0,0,0,1,7,51552,0,0,0,0,0,0,0,0,0,0,0,0,0,0,0,2,0,0,0,0
405,AGC,0,7,0,0,0,0,0,0,2,51530,0,6,0,0,0,0,0,0,0,0,0,0,0,0,0,0,0,0,0,0,0,0,0,0,0,0,0,0,0,0,0,9,0,0,0,0,0,0,0,0,0,0,0,0,6,0,0,0,0,0,0,0,0,0
406,ACC,0,0,0,0,5,51550,0,8,0,0,0,0,0,1,0,0,0,0,0,0,0,0,0,0,0,0,0,0,0,0,0,0,0,0,0,0,0,3,0,0,0,0,0,0,0,0,0,0,0,0,0,0,0,0,0,0,0,0,0,0,0,0,0,0
407,ATC,0,0,0,0,0,5,0,0,0,0,0,0,0,51503,0,19,0,0,0,0,0,0,0,0,0,0,0,0,0,0,0,0,0,0,0,0,0,0,0,0,0,0,0,0,0,1,0,0,0,0,0,0,0,0,0,0,0,0,0,0,0,0,0,0
408,GGA,0,0,0,0,0,0,0,0,3,0,0,0,0,0,0,0,0,0,0,0,0,0,0,0,0,0,0,0,0,0,0,0,0,0,0,0,0,0,0,0,51528,0,14,0,0,0,0,0,0,0,0,0,0,0,0,0,0,0,0,0,0,0,0,0
409,AAG,1,0,51473,5,0,0,0,0,0,0,31,0,0,0,0,0,0,0,0,3,0,0,0,0,0,0,0,0,0,0,0,0,0,0,0,0,0,0,5,0,0,0,0,0,0,0,0,0,0,0,0,0,0,0,0,0,0,0,0,0,0,0,0,0
410,GCA,0,0,0,0,1,0,0,0,0,0,0,0,0,0,0,0,0,0,0,0,0,0,0,0,0,0,0,0,0,0,0,0,0,0,0,0,50856,0,4,0,0,0,0,0,7,0,0,0,0,0,0,0,1,0,0,0,0,0,0,0,0,0,0,0
411,TTT,0,0,0,0,0,0,0,0,0,0,0,0,0,0,0,0,0,0,0,0,0,0,0,0,0,0,0,0,0,0,0,0,0,0,0,0,0,0,0,0,0,0,0,0,0,0,0,0,0,0,0,0,0,0,0,9,0,0,0,0,0,9,0,51418
412,GAG,0,0,12,0,0,0,0,0,0,0,0,0,13,0,0,0,0,0,0,0,0,0,0,0,0,0,0,0,0,0,0,0,8,0,51312,1,0,0,0,0,0,0,9,0,0,0,69,0,0,0,0,0,0,0,0,0,0,0,0,0,0,0,0,0
413,GCC,0,0,0,0,0,3,0,0,0,0,0,0,0,0,0,0,11,0,6,0,0,0,0,0,0,0,0,0,0,11,0,0,0,0,0,0,15,51418,0,8,0,0,0,0,0,8,0,0,0,0,0,0,0,14,0,0,0,0,0,0,0,0,0,0
414,ACT,0,0,0,1,13,38,2,51397,0,0,0,0,0,0,0,1,0,0,0,0,0,0,0,0,0,0,0,0,0,0,0,0,0,0,0,0,0,0,0,6,0,0,0,0,0,0,0,0,0,0,0,0,0,0,0,0,0,0,0,0,0,0,0,0
415,GTG,0,0,0,0,0,0,0,0,0,0,0,0,0,0,5,0,0,0,0,0,0,0,0,0,0,0,0,0,0,0,5,0,0,0,0,0,0,0,0,0,0,0,0,0,10,0,51517,0,0,0,0,0,0,0,0,0,0,0,0,0,0,0,0,0
416,AGA,0,0,0,0,0,0,0,0,51316,1,30,1,1,0,0,0,0,0,0,0,0,0,0,0,46,0,0,0,0,0,0,0,0,0,0,0,0,0,0,0,17,0,0,0,0,0,0,0,0,0,0,0,0,0,0,0,1,0,0,0,0,0,0,0
417,GGC,0,0,0,0,0,0,0,0,0,4,0,0,0,0,0,0,0,0,0,0,0,0,0,0,0,0,0,0,0,0,0,0,0,2,0,0,0,0,0,0,36,51002,3,8,0,0,0,0,0,0,0,0,0,0,0,0,0,0,0,0,0,0,0,0
418,GCC,0,0,0,0,0,19,0,0,0,0,0,0,0,0,0,0,0,0,0,0,0,0,0,0,0,0,0,0,0,0,0,0,0,0,0,0,0,51491,0,23,0,0,0,0,0,0,0,0,0,0,0,0,0,1,0,0,0,0,0,0,0,0,0,0
419,AAG,1,0,50694,1,0,0,0,0,0,0,8,0,0,0,0,0,0,0,0,0,0,0,0,0,6,0,0,0,0,0,0,0,0,0,7,0,0,0,0,0,0,0,1,0,0,0,4,0,0,0,0,0,0,0,0,0,0,0,0,0,0,0,0,0
420,AGA,3,0,0,0,0,0,0,0,50977,0,7,0,0,0,0,0,0,0,0,0,0,0,0,0,0,0,0,2,0,0,0,0,0,0,0,0,0,0,0,0,7,0,0,0,0,0,0,0,0,0,0,0,0,0,0,0,0,0,0,0,0,0,0,0
421,ATG,0,0,0,0,0,0,2,0,0,0,0,0,1,0,51466,0,0,0,0,0,0,0,0,0,0,0,0,0,0,0,0,0,0,0,0,0,0,0,0,0,0,0,0,0,0,0,0,0,0,0,0,0,0,0,0,0,0,0,0,0,0,0,0,0
422,GCA,0,0,0,0,2,0,0,0,0,0,0,0,0,0,0,0,0,0,0,0,0,0,0,0,0,0,0,3,0,0,0,0,0,0,0,0,51203,0,21,0,0,0,0,0,34,0,12,0,0,3,0,0,3,0,0,0,0,0,0,0,0,0,0,0
423,GTC,0,0,0,0,0,11,0,0,0,0,0,0,0,4,0,0,0,0,0,0,0,0,0,0,0,0,0,0,9,0,0,6,0,6,0,0,0,1,0,0,0,0,0,0,2,51330,0,0,0,0,0,0,0,0,0,0,0,0,0,0,0,6,0,0
424,CTG,0,0,0,0,0,0,0,0,0,0,0,0,0,0,10,0,0,0,1,0,0,0,9,0,0,0,1,0,6,0,51307,3,0,0,0,0,0,0,0,0,0,0,0,0,0,0,0,0,0,0,0,0,0,0,0,0,0,0,0,0,0,0,1,0
425,GGG,0,0,0,0,0,0,0,0,0,0,0,0,0,0,0,0,0,0,0,0,0,0,0,0,0,0,0,0,0,0,0,0,0,0,0,0,0,0,0,0,19,5,51520,0,0,0,1,0,0,0,0,0,0,0,0,0,0,0,0,0,0,0,0,0
426,GAT,26,0,0,16,0,0,0,0,0,0,0,0,0,0,0,0,4,0,0,0,0,0,0,0,0,0,0,0,0,0,0,0,0,3,5,51221,0,0,0,0,0,0,2,2,0,0,0,0,0,0,0,0,0,0,0,0,0,0,0,0,0,0,0,0
427,ACA,0,0,0,0,50780,0,2,15,14,0,0,0,17,0,0,0,0,0,0,0,0,0,0,0,0,0,0,9,0,0,0,0,0,0,0,0,6,0,0,0,0,0,0,0,0,0,0,0,0,0,0,14,3,0,0,0,0,0,0,0,0,0,0,0
428,GCC,0,0,0,0,0,5,0,0,0,0,0,0,0,0,0,0,0,0,0,0,0,0,0,0,0,0,0,0,0,0,0,0,0,0,0,0,10,50804,0,0,0,0,0,0,0,5,0,5,0,0,0,0,0,0,0,0,0,0,0,0,0,0,0,0
429,TGG,0,0,0,0,0,0,0,0,0,0,0,0,0,0,0,0,0,0,0,0,0,0,0,0,0,0,15,0,0,0,0,0,0,0,0,0,0,0,0,0,0,0,2,0,0,0,0,0,0,0,1,0,0,0,1,0,1,0,51385,16,0,0,0,0
430,GAC,0,0,0,0,0,0,0,0,0,0,0,0,0,0,0,0,0,0,0,0,0,0,0,0,0,0,0,0,0,0,0,0,0,51318,0,14,0,0,0,0,0,0,0,0,0,0,0,0,0,0,0,0,0,0,0,0,0,0,0,0,0,0,0,0
431,TTC,0,0,0,0,0,0,0,0,0,0,0,0,0,0,0,0,0,0,0,0,0,0,0,0,0,0,0,0,0,0,0,0,0,0,0,0,0,0,0,0,0,0,0,0,0,0,0,0,0,0,0,0,0,3,0,0,0,0,0,0,11,50726,11,12
432,GGA,1,0,0,0,0,0,0,0,13,3,6,0,0,0,0,0,0,0,0,0,0,0,0,0,0,0,0,0,0,0,0,0,1,6,0,0,0,0,0,0,50851,0,6,2,0,0,0,0,0,0,0,0,0,0,0,0,0,0,0,0,0,0,0,0
433,TCA,0,0,0,0,0,0,0,0,0,0,0,0,0,0,0,0,0,0,0,0,0,0,0,0,0,0,0,0,0,0,0,0,0,0,0,0,0,0,0,0,0,0,0,0,0,0,0,0,0,0,0,0,50457,0,25,8,0,0,0,0,3,0,0,0
434,GTC,0,0,0,0,0,0,0,0,0,0,0,0,0,2,0,0,0,0,0,0,0,0,0,0,0,0,0,0,0,0,0,0,0,0,0,0,0,3,0,0,0,0,0,0,4,50912,0,14,0,0,0,0,0,0,0,0,0,0,0,0,0,0,0,0
435,GGG,0,0,0,0,0,0,0,0,0,0,3,0,0,0,0,0,0,0,0,0,0,0,6,0,0,0,0,6,0,0,0,0,0,0,2,0,0,0,0,2,3,0,51470,0,0,0,1,0,0,0,0,0,6,0,0,0,0,0,6,0,0,0,0,0
436,GGT,0,0,0,0,0,0,0,0,0,0,0,1,0,0,0,0,0,0,0,0,0,0,0,0,0,0,0,0,0,0,0,0,0,0,0,1,0,0,0,0,3,8,12,51424,0,0,0,0,0,0,0,0,0,0,3,0,0,0,0,0,0,0,0,0
437,GTG,0,0,0,0,0,3,0,0,0,0,0,0,0,0,9,0,0,0,0,0,0,0,0,0,0,0,0,0,0,0,4,7,0,0,0,0,6,0,29,0,0,0,1,0,39,1,51211,0,0,0,0,0,0,0,0,0,0,0,0,0,0,0,5,0
438,TTC,0,0,0,0,0,0,0,0,0,0,0,0,0,0,0,0,0,0,0,0,0,0,0,0,0,0,0,0,0,21,0,0,0,0,0,0,0,0,0,3,0,0,0,0,0,0,0,5,0,0,0,0,0,17,0,0,0,0,0,0,0,51088,8,13
439,AAC,11,50926,0,7,0,0,0,11,0,1,7,16,0,0,0,0,2,0,7,0,0,0,0,0,0,0,0,4,0,0,0,0,3,0,5,0,0,0,6,0,9,0,4,12,0,0,6,0,0,0,0,0,0,0,0,14,0,0,0,0,0,0,0,0
440,TCA,0,0,0,0,0,0,0,0,0,0,0,0,0,0,0,0,0,0,0,0,2,0,0,0,0,0,0,0,0,0,0,0,0,0,0,0,0,0,0,0,0,0,0,0,0,0,0,0,1,0,0,0,50453,5,3,20,0,0,0,0,15,0,0,0
441,CTG,0,0,0,0,0,0,0,0,0,0,0,0,0,0,0,4,0,0,0,0,0,0,7,0,0,0,0,0,9,9,50676,1,0,0,0,0,0,0,0,0,0,0,0,0,0,0,0,0,0,0,0,0,0,0,0,0,0,0,0,0,0,0,1,0
442,GGT,0,0,0,0,0,0,0,0,0,0,0,1,0,0,0,0,0,0,0,0,0,0,0,0,0,0,7,1,0,0,0,4,0,0,0,14,0,0,0,0,0,11,0,50986,0,0,0,9,0,0,0,0,0,0,6,0,0,0,0,0,0,0,0,0
443,AAG,3,0,50687,79,0,0,6,0,0,0,12,0,0,0,9,0,0,7,0,0,0,0,0,0,0,3,4,0,0,0,0,0,0,0,3,0,0,0,0,0,0,0,0,0,0,0,0,0,0,0,0,0,0,0,9,0,0,0,0,0,0,11,9,0
444,GGC,0,0,0,0,0,0,0,0,0,3,0,0,0,0,0,0,0,0,0,0,0,0,0,0,0,0,0,0,0,5,0,0,0,4,0,0,0,0,7,0,4,50905,13,6,0,1,1,7,0,0,0,0,0,0,0,0,0,4,0,0,0,0,0,0
445,ATT,0,0,0,0,0,0,0,1,0,0,0,0,0,9,0,50786,0,0,0,0,0,0,0,0,0,0,0,0,0,0,0,0,0,0,0,0,0,0,0,0,0,0,0,0,0,0,0,18,0,0,0,0,0,0,0,0,0,0,0,0,0,0,0,0
446,CAC,0,0,0,0,0,0,0,0,0,0,0,0,0,0,0,0,0,50828,0,13,0,0,0,0,0,0,0,0,0,0,0,0,0,0,0,0,0,0,0,0,0,0,0,0,0,0,0,0,0,2,0,0,0,0,0,0,0,0,0,0,0,0,0,0
447,CAG,0,0,0,0,11,0,21,0,0,0,0,0,0,1,0,0,1,0,50956,1,0,0,0,0,0,0,2,0,0,0,0,0,0,0,0,0,0,0,8,2,0,0,8,0,0,0,0,0,0,0,0,0,0,0,0,0,0,0,0,0,1,0,0,0
448,ATT,0,0,0,0,0,0,0,0,0,0,0,0,12,0,1,49694,0,0,0,0,0,0,0,0,0,0,0,0,0,0,0,0,0,0,0,0,0,0,0,0,0,0,0,0,11,0,0,2,0,0,0,0,0,0,0,0,0,0,0,0,0,0,0,0
449,TTT,0,0,0,0,0,0,0,0,0,0,0,0,0,0,0,0,0,0,0,0,0,0,0,0,0,0,0,0,0,0,0,0,0,0,0,0,0,0,0,0,0,0,0,0,0,0,0,0,0,0,0,0,0,0,0,1,0,0,0,0,0,5,6,51271
450,GGA,0,0,0,0,0,0,0,0,0,0,0,0,0,0,0,0,0,0,0,0,0,0,0,0,0,0,0,0,0,0,0,0,1,0,1,0,1,0,0,0,51297,0,16,0,0,0,0,0,0,0,0,0,0,0,0,0,1,0,0,0,0,0,0,0
451,GCA,0,0,0,0,7,5,0,0,0,15,0,0,0,0,0,0,6,0,1,0,0,0,0,0,0,0,0,0,0,0,0,0,0,0,0,0,51136,0,27,0,1,1,0,0,106,0,0,7,0,0,0,12,16,0,4,0,0,0,0,0,0,0,0,0
452,GCC,0,0,0,0,0,3,0,0,0,0,0,0,0,0,0,0,0,0,0,0,0,0,0,0,0,0,0,0,0,0,0,0,0,0,0,0,5,51467,0,6,0,0,0,0,0,2,0,0,0,0,0,0,0,0,0,0,0,0,0,0,0,0,0,0
453,TTC,0,0,0,0,0,0,0,0,0,0,0,0,0,1,0,0,0,0,0,0,0,0,0,0,0,0,0,0,0,2,0,0,0,0,0,0,0,0,0,0,0,0,0,0,0,1,0,0,0,0,0,7,0,9,0,0,0,0,0,0,0,51403,0,1
454,AAA,51497,0,1,1,0,0,0,0,6,0,12,0,0,0,0,0,0,0,0,0,0,0,0,0,0,0,0,0,0,0,0,0,3,0,0,0,0,0,0,0,0,0,0,0,0,0,0,0,0,0,0,0,0,0,0,0,0,0,0,0,0,0,0,0
455,TCA,0,0,0,0,0,0,0,0,0,0,0,0,0,0,0,0,0,1,0,0,1,0,0,0,0,0,0,0,0,0,0,0,0,0,0,0,0,0,0,0,0,0,0,0,0,0,0,6,2,0,0,0,51445,7,1,0,0,0,0,0,0,0,0,0
456,CTG,0,0,0,0,0,0,0,0,0,0,0,0,0,3,18,6,0,0,0,0,0,0,6,0,0,0,0,0,13,0,48153,5,0,0,0,0,0,0,0,0,0,0,0,0,0,0,0,0,0,0,0,0,0,0,0,0,0,0,0,0,0,0,5,0
457,TTT,0,0,0,0,0,0,0,0,0,0,0,0,0,0,0,0,0,0,0,0,0,0,0,0,0,0,0,0,0,0,0,0,0,0,0,0,0,0,0,0,0,0,0,0,0,0,0,0,0,0,0,0,0,0,0,0,0,0,0,0,0,5,0,46912
458,GGA,0,0,0,0,0,0,0,0,0,0,0,0,0,0,0,0,0,0,0,0,0,0,0,0,0,0,0,0,0,0,0,0,0,0,0,0,0,0,0,0,48793,11,7,1,0,0,0,0,0,0,0,0,0,0,0,0,0,0,0,0,0,0,0,0
459,GGA,0,0,4,8,0,0,0,0,1,0,0,0,0,0,6,0,0,0,0,0,0,0,0,0,0,0,0,0,0,0,0,0,3,0,0,0,0,0,0,0,50121,0,1,0,0,0,0,0,0,0,0,0,0,0,0,0,0,0,0,0,0,0,0,0
460,ATG,0,0,0,0,0,0,0,0,0,0,0,0,7,0,49676,0,0,0,0,0,0,0,0,0,0,0,0,0,0,0,0,0,0,0,0,0,0,0,0,0,0,0,0,0,0,0,2,0,0,0,0,0,0,0,0,0,0,0,0,0,0,0,0,0
461,TCC,0,12,0,0,0,0,0,0,0,11,0,0,0,0,0,0,0,0,0,0,0,0,0,0,0,0,0,0,0,0,0,0,0,0,0,0,0,0,0,0,0,0,3,8,0,0,0,0,0,0,0,0,2,49110,49,4,0,0,0,0,0,1,0,0
462,TGG,0,0,0,0,0,0,0,0,0,0,0,0,0,0,0,0,0,0,0,0,0,0,0,0,3,0,19,0,0,0,0,0,0,0,0,0,0,0,0,0,0,0,0,0,0,0,4,0,0,0,1,0,0,0,0,0,0,0,49642,4,0,0,0,0
463,TTC,0,0,0,0,0,0,0,0,0,0,0,0,0,0,0,0,0,0,0,0,0,0,0,0,0,0,0,0,0,30,0,0,0,0,0,0,0,0,0,0,0,0,0,0,0,0,0,7,0,0,0,0,0,1,0,0,0,0,0,0,4,50188,0,19
464,TCA,0,0,0,0,2,12,0,0,0,0,0,0,0,0,0,0,0,0,0,0,15,0,0,0,0,0,0,0,0,0,0,0,0,0,0,0,4,0,0,0,0,1,0,0,0,0,0,0,12,0,0,0,48304,0,0,0,0,0,0,0,0,0,0,0
465,CAG,0,0,6,0,0,0,0,4,0,0,0,0,0,0,0,0,1,0,49675,0,0,0,0,0,0,0,45,0,0,0,0,0,0,0,0,0,0,0,0,0,0,0,0,0,0,0,0,0,0,0,2,0,0,7,0,0,0,0,0,0,0,0,0,0
466,ATC,0,0,0,0,0,1,0,0,0,0,0,0,0,49261,1,3,0,0,0,0,0,0,0,0,0,0,0,0,0,0,0,0,0,0,0,0,0,0,0,2,0,0,0,1,0,5,0,4,0,0,0,0,0,0,0,0,0,0,0,3,0,3,0,0
467,CTC,0,0,0,0,0,6,0,0,0,0,0,0,0,5,0,0,0,0,0,0,0,14,0,0,0,0,0,0,168,49343,0,8,0,0,0,0,0,0,0,0,0,0,0,0,0,0,0,0,0,0,0,0,0,0,0,0,0,0,0,0,0,0,0,0
468,ATA,0,0,0,0,6,0,0,0,0,0,0,0,48981,2,10,4,0,0,0,0,0,0,0,0,0,0,0,0,0,0,0,0,0,0,0,0,0,0,2,0,0,0,0,0,10,2,60,0,0,0,0,0,0,0,0,0,0,0,0,0,0,0,0,0
469,GGC,0,0,0,0,0,0,0,0,0,0,0,0,0,0,0,0,0,0,0,0,0,0,0,0,0,0,0,0,0,0,0,0,0,11,0,0,0,0,0,0,1,50200,9,27,0,0,0,0,0,0,0,0,0,0,0,0,0,1,0,0,0,0,0,0
470,ACG,0,0,1,0,12,8,50025,4,0,0,0,1,0,0,5,0,0,0,0,0,0,0,0,0,0,0,0,0,0,0,3,0,0,0,0,0,0,0,5,0,0,0,7,0,0,0,18,0,0,0,0,0,0,0,5,0,0,7,0,0,0,0,0,0
471,CTG,0,0,0,0,0,0,0,0,0,0,0,0,0,0,11,0,0,0,0,0,0,0,5,0,0,0,0,0,21,0,50243,6,0,0,0,0,0,0,0,0,0,0,0,0,0,0,7,0,0,0,0,0,0,0,0,0,0,0,0,0,0,0,0,0
472,CTA,0,0,0,0,0,0,0,0,0,0,0,0,5,0,0,0,0,0,0,0,2,0,0,0,0,0,0,0,50210,0,5,4,0,0,0,0,0,0,0,0,0,0,0,0,7,0,5,0,0,0,0,0,0,0,0,0,0,0,0,3,2,0,5,6
473,GTG,0,0,0,0,0,0,0,0,0,0,0,0,0,0,0,0,0,0,0,0,0,0,0,0,0,0,0,0,0,0,0,0,0,0,0,0,0,0,2,0,0,0,12,0,14,8,50834,11,0,0,0,0,0,0,0,0,0,5,0,0,5,0,0,0
474,TGG,0,0,0,0,0,0,0,0,0,0,0,0,0,0,4,0,0,0,0,0,0,0,0,0,0,0,2,0,0,0,0,0,0,0,0,0,0,0,0,0,0,0,0,0,0,0,3,0,0,9,1,0,0,0,0,0,1,0,50983,0,0,0,0,0
475,TTA,0,0,0,0,0,0,0,0,0,0,0,0,0,0,0,0,0,0,0,0,0,0,0,0,0,0,0,0,2,0,8,5,0,0,0,0,0,0,0,0,0,0,0,0,0,0,0,0,0,0,0,0,2,0,0,0,0,0,5,0,50154,0,5,0
476,GGT,0,0,0,0,0,0,0,0,0,4,0,2,0,0,0,0,0,0,0,0,0,0,0,0,0,0,0,0,0,0,0,0,0,0,0,2,0,9,0,0,0,16,0,50356,0,0,0,0,0,0,0,0,0,0,50,0,0,0,0,1,0,0,0,0
477,TTG,0,0,0,0,0,0,0,0,0,0,0,0,0,0,0,0,0,0,0,0,0,0,0,0,0,0,0,0,0,0,1,0,0,0,0,0,0,0,0,0,0,0,0,0,0,0,12,0,0,0,0,0,0,0,2,0,0,0,0,0,1,15,50329,0
478,AAC,1,50976,0,15,0,0,0,0,5,8,3,0,0,0,0,0,0,6,0,0,0,0,0,0,0,0,0,0,0,0,0,0,0,3,0,0,0,4,0,0,0,0,0,0,0,0,0,0,0,0,0,0,0,0,0,0,0,0,0,0,0,0,0,0
479,ACA,0,0,0,0,50786,0,5,0,0,0,0,8,0,0,4,0,0,0,0,0,0,0,0,0,0,0,0,0,0,0,0,0,0,0,0,0,6,0,10,6,0,0,0,10,6,0,5,0,0,0,0,0,0,0,0,0,0,0,0,0,0,0,0,0
480,AAG,0,0,50387,0,0,0,0,0,0,0,39,0,0,0,0,0,0,0,0,0,0,0,4,0,0,0,0,7,3,0,0,5,0,0,4,0,0,3,2,0,0,0,0,0,0,0,0,0,0,0,0,0,3,0,0,0,0,0,6,0,0,0,0,0
481,AAT,0,0,0,49882,0,0,0,0,0,0,0,0,0,0,0,0,0,0,0,0,0,0,0,0,0,8,0,0,0,0,0,0,0,0,0,3,0,0,0,0,0,0,0,0,0,0,0,0,0,0,0,0,0,3,0,8,0,0,0,0,0,0,0,0
482,GGA,0,0,0,0,0,0,0,0,0,7,0,0,0,0,0,0,0,0,0,0,0,0,0,0,0,0,0,0,0,0,0,0,0,0,0,0,0,0,0,0,50608,4,0,16,0,0,0,0,0,0,0,0,0,0,0,0,2,0,0,0,0,0,0,0
483,TCT,0,0,0,0,0,2,0,0,0,0,0,7,0,0,0,0,0,4,0,0,0,0,0,0,0,0,0,0,0,0,0,0,0,0,0,0,0,0,0,0,0,0,0,0,0,0,0,0,0,0,0,0,4,14,0,51044,0,0,0,0,0,0,0,3
484,ATC,0,0,0,0,9,0,0,0,0,0,0,0,0,51115,0,2,0,0,0,0,0,0,0,0,0,0,0,0,0,0,0,0,0,0,0,0,0,0,0,0,0,0,0,0,0,8,0,0,0,0,0,0,0,0,0,0,0,0,1,0,0,0,0,0
485,TCC,0,0,0,0,0,47,0,0,0,2,0,0,0,0,0,0,0,0,0,0,0,3,0,0,0,0,0,0,0,0,0,0,0,0,0,0,14,9,0,0,0,0,0,0,0,0,0,0,0,0,0,0,0,50578,0,165,0,11,0,0,0,1,0,0
486,CTC,0,0,0,0,0,0,0,0,0,0,0,0,0,6,6,0,0,0,0,0,0,4,1,0,0,0,0,0,0,49929,152,0,0,0,0,0,0,0,0,0,0,0,0,0,0,1,0,0,0,0,0,0,0,0,0,0,0,0,0,0,0,6,0,0
487,ACA,3,0,0,0,50197,0,2,0,0,0,0,0,5,0,0,0,0,0,0,0,0,0,6,0,0,0,0,0,0,0,0,0,0,0,0,0,0,0,0,0,0,0,0,0,0,0,0,0,0,0,0,0,8,0,0,3,0,0,0,0,2,0,0,0
488,TGC,0,0,0,0,2,0,4,0,0,8,0,0,0,0,0,0,0,0,0,0,0,0,0,0,0,1,0,0,0,0,0,0,0,0,0,0,0,0,0,0,0,0,0,0,0,0,0,0,0,12,0,0,0,0,0,0,0,50733,0,9,5,5,0,0
489,TTG,0,0,0,0,0,0,5,0,0,0,0,0,0,0,0,0,0,0,0,0,0,0,0,0,0,0,0,0,0,0,33,0,0,0,0,0,0,0,0,0,0,0,0,0,0,0,1,3,0,0,0,0,0,0,7,0,0,0,0,0,16,0,50800,13
490,GCC,0,0,0,0,0,2,0,0,0,0,0,0,0,0,0,0,0,0,0,0,0,0,0,0,0,0,0,0,0,6,0,0,0,0,0,0,62,51102,0,8,0,0,0,0,0,11,0,0,0,0,0,0,0,0,0,0,0,0,0,3,0,0,0,0
491,CTG,0,0,0,0,0,0,0,0,0,0,0,0,0,0,17,0,0,0,1,0,0,0,19,0,0,0,2,0,1,6,51059,6,0,0,0,0,0,0,0,0,0,0,0,0,0,0,0,0,0,0,0,0,0,0,0,0,0,0,0,0,0,0,0,0
492,GGG,0,0,0,0,0,0,0,0,0,0,0,0,0,0,0,0,0,0,0,0,0,0,0,0,0,0,0,0,0,0,0,0,0,0,2,0,0,0,0,0,0,0,51248,0,0,0,0,0,0,0,0,0,0,0,0,0,0,0,3,0,0,0,0,0
493,GGA,0,0,0,0,0,8,0,0,8,0,0,0,0,0,5,0,0,0,0,0,0,0,0,0,0,0,0,0,0,0,0,0,0,0,0,0,0,0,0,0,50955,0,49,0,10,0,0,0,0,0,0,0,0,0,0,0,0,0,0,0,0,0,4,0
494,GTG,0,0,0,0,0,22,0,7,0,0,0,0,0,0,9,0,0,0,0,0,0,0,0,0,0,0,0,0,0,0,0,4,0,0,0,0,0,5,6,0,2,6,2,0,9,0,51084,0,0,0,0,0,0,0,0,0,0,0,0,0,19,0,0,0
495,ATG,0,0,0,0,10,0,8,0,0,0,0,0,0,4,50682,2,0,0,0,0,0,0,0,0,0,0,0,0,0,0,0,0,0,0,0,0,0,0,0,0,0,0,0,0,3,0,8,0,0,0,0,0,0,0,0,0,0,0,0,0,0,0,0,0
496,ATC,0,0,0,0,0,10,0,0,0,0,0,0,0,50147,2,0,0,0,0,0,0,0,0,0,0,0,0,0,0,0,0,0,0,0,0,0,0,0,0,0,0,0,0,0,7,3,0,0,0,0,0,0,0,0,0,0,0,0,0,0,0,7,0,5
497,TTC,0,0,0,0,0,0,0,0,0,0,0,0,0,1,0,0,0,0,0,0,0,0,0,0,0,0,0,0,0,2,0,0,0,0,0,0,0,0,0,0,0,0,0,0,0,0,0,0,0,0,0,0,0,1,0,0,0,0,0,0,2,50561,0,8
498,CTC,0,0,0,0,0,0,0,0,0,0,0,0,0,2,0,0,0,0,0,0,0,8,0,0,0,0,0,0,13,50552,8,1,0,0,0,0,0,0,0,0,0,0,0,0,0,0,0,0,0,0,0,0,0,0,0,0,0,0,0,0,0,3,0,0
499,TCC,0,0,0,0,0,0,0,5,0,0,0,5,0,0,0,0,0,0,0,0,0,12,0,0,0,0,0,0,0,0,0,0,0,0,0,0,0,0,0,0,0,0,0,0,0,0,0,0,0,1,0,0,0,50302,0,10,0,0,0,0,0,0,0,0
500,ACG,1,0,2,0,3,0,51115,9,11,0,0,0,0,0,8,0,0,0,0,0,0,0,0,0,0,0,0,17,0,0,0,0,0,0,0,0,0,0,1,0,0,0,0,0,0,0,0,0,0,0,0,0,0,0,0,6,0,0,0,0,0,0,0,0
501,GCT,0,0,0,8,4,0,0,118,0,4,0,0,0,0,0,0,0,0,0,0,0,0,0,0,0,0,0,0,0,0,0,0,0,0,0,2,0,38,4,50956,0,0,0,0,0,0,0,1,0,0,0,0,9,8,0,0,0,0,0,0,0,0,0,0
502,GTT,0,0,0,0,0,0,0,0,0,0,0,0,0,0,0,2,0,0,0,0,0,0,0,0,0,0,0,0,0,0,0,0,0,0,0,0,0,0,0,1,0,0,0,0,4,10,0,51037,0,0,0,0,0,0,0,0,0,0,0,0,0,0,0,0
503,TCT,0,0,8,0,0,0,0,0,8,21,0,0,0,0,0,0,0,0,0,0,0,0,0,6,0,6,9,0,0,0,0,0,0,0,0,0,0,0,0,5,0,0,0,0,0,0,0,0,0,0,0,4,0,10,0,51147,0,0,0,0,0,0,0,0
504,GCT,0,0,0,0,0,0,0,18,0,0,0,0,0,0,0,0,0,0,0,0,0,0,0,0,0,0,0,0,0,0,0,0,0,0,0,0,0,11,6,51269,0,0,0,0,0,0,0,17,0,0,0,0,0,0,0,1,0,0,0,0,0,0,0,0
