serum,mutation,virus,rep1-IC50,rep2-IC50,rep3-IC50,average,mean-IC50,stderr,background,foldchange,logmeanFC,ttest,ftest,ANOVA
C10,A333W,A333W_MR766,0.006420973560115592,0.010138068171194716,0.002943184554986064,0.005972897502790328,0.006500742095432124,0.0020773669092641316,MR766,[0.48670138 3.51059702 0.36819407],0.3751187162578811,0.6984583363980355,0.6722051249014542,0.6960472157554036
C10,E314S,E314S_DENV2,0.16836119025541746,0.27611255817465763,0.2520378159813948,0.23288020066720908,0.23217052147048997,0.032652827164500055,DENV2,[0.6568038  0.52010934 0.85381006],-0.39022030316694944,0.26971929937616673,0.8734221450188688,0.23368093679464505
C10,E314S,E314S_HPF2013,0.015828360147008516,0.015161144069627512,0.0303421813631338,0.023453951228809434,0.02044389519325661,0.0049528895993169305,HPF2013,[1.09889307 1.0613558  2.57427852],0.45626962012607786,0.2943028539195923,0.02882184296690542,0.2387746553326302
C10,K295H,K295H_DENV2,0.3393167540204907,0.7129383443331953,0.6358176358294275,0.5398785440386202,0.5626909113943711,0.11388431492366731,DENV2,[1.32372867 1.34295192 2.15391286],0.47428475404884574,0.23483662707197728,0.3619427420536801,0.22969676424856583
C10,K295H,K295H_HPF2013,0.010009780196052554,0.013197169457226902,0.004048569498014099,0.008946656750888984,0.009085173050431184,0.002681131234120385,HPF2013,[0.69493479 0.92386777 0.34348702],-0.4245003474423983,0.23705121585843847,0.09196192470164113,0.19237140431949643
C10,K301H,K301H_MR766,0.004564332303905587,0.004140368050292151,0.006434091264451964,0.0051414398032440505,0.005046263872883234,0.0007046240306425474,MR766,[0.34597041 1.43372125 0.80490849],-0.14904147681571844,0.42369202803338263,0.9468770235437599,0.38508978836521857
C10,N439K,N439K_MR766,0.00915632893184968,0.010563945077723126,0.0068618659950268725,0.009082715446064347,0.008860713334866559,0.0010788711414435384,MR766,[0.69403773 3.65806912 0.85842335],0.5520693284678974,0.8117558145554202,0.8837619363554529,0.8046980433099429
C10,N8T,N8T_MR766,0.0041454578353859965,0.012688850810058374,0.00912818258134894,0.009215771229848332,0.008654163742264437,0.0024776273108746334,MR766,[0.31422027 4.3938787  1.14194085],0.6678361800200171,0.8789789702107176,0.5904377071718303,0.8787341338825907
C10,S72G,S72G_DENV2,0.11821256764082545,0.01899683588381117,0.3320555491173577,0.15439980643076007,0.15642165088066476,0.09236952963393412,DENV2,[0.46116604 0.03578407 1.12488027],-0.6150569064672413,0.18064342460573982,0.46302511930256574,0.18025524867518422
C10,S72G,S72G_HPF2013,0.011777737511607078,0.018934169499950994,0.01210194592518318,0.014640221054623842,0.014271284312247084,0.0023333203437119233,HPF2013,[0.81767625 1.32548642 1.02674818],0.055091173836347554,0.7777834110634534,0.11794680453476064,0.7693823579250731
C10,S72G,S72G_MR766,0.007046640130041283,0.0025774989292485753,0.0018994184903379885,0.003261143012015249,0.003841185849875949,0.0016146362982708095,MR766,[0.53412609 0.89253297 0.23761834],-0.5892212590353256,0.30224497333062844,0.7724431672886138,0.2840818100233049
C10,S7P,S7P_DENV2,3.0803013430840664,1.4177424760086412,2.6756496833570647,2.466404318604517,2.3912311674832574,0.5005649860413314,DENV2,[12.01674588  2.67058154  9.06410255],2.069030449283426,0.05204930223911207,0.028524558856985835,0.01615683519820961
C10,S7P,S7P_HPF2013,0.04057964274739642,0.08156963760133,0.05017083218021018,0.05502521462951179,0.057440037509645527,0.012378421131448792,HPF2013,[2.81726519 5.71028197 4.25657253],1.4495914634619278,0.07031338835487688,0.004728801297778735,0.023970485811313794
C10,S7P,S7P_MR766,0.007029034851468884,0.003545663397140549,0.0172841456979456,0.008255093143729287,0.009286281315518344,0.004123422736108975,MR766,[0.53279163 1.2277877  2.16225649],0.2682025250705732,0.8174130449080002,0.3423162249851658,0.8162644653232367
C10,T315C,T315C_MR766,0.006549333857430357,0.0021831082354912225,0.017956725434709987,0.00644148053033253,0.008896389175877189,0.0047022424220705475,MR766,[0.49643092 0.75596387 2.2463966 ],0.153805303184119,0.8844197659950708,0.28583462596746784,0.8831093740770459
C10,T315Y,T315Y_MR766,0.007653220360931575,0.004176648411641805,0.015240049465319025,0.008708422166075128,0.009023306079297468,0.0032663721912533283,MR766,[0.58010407 1.44628436 1.90653888],0.27077172475545846,0.8323575973087398,0.45339021414306174,0.8322660952941544
C10,T49D,T49D_DENV2,0.1669239516374726,0.18448819102685457,0.14771529099008876,0.1684053655627108,0.16637581121813863,0.010618959266613243,DENV2,[0.65119691 0.34751781 0.50040428],-0.693734691695667,0.14962385939368494,0.9849044150077076,0.08769003298963166
C10,T49D,T49D_HPF2013,0.0474134817582203,0.05683762066860806,0.04002233764650977,0.0479400583851069,0.04809114669111272,0.004865965409497238,HPF2013,[3.29170842 3.97891728 3.39555825],1.2684660701856196,0.016848876111623737,0.02982977941782153,0.0021878718922053886
C10,T49D,T49D_MR766,0.015470081240279553,0.020795280016343117,0.02247019688910471,0.019665023090038522,0.01957851938190913,0.00211035420450082,MR766,[1.17261189 7.20096243 2.81103445],1.3159263273552375,0.03920240342467355,0.6652249114399805,0.03393232823179976
C10,V33I,V33I_MR766,0.004788596010000976,0.013235305576316669,0.008895686561322733,0.008674412894825524,0.008973196049213459,0.0024386629817010445,MR766,[0.3629693  4.58310435 1.11285546],0.7029207818237233,0.8178257048138421,0.5980815747016234,0.8173826736959995
C10,WT,WT_DENV2,0.2563340669002775,0.5308740646481592,0.29519190330339856,0.37980578557829076,0.3608000116172784,0.08577367602834426,DENV2,,-0.693734691695667,,,
C10,WT,WT_HPF2013,0.014403912997473067,0.014284695215045152,0.01178667386290489,0.014378068997990741,0.013491760691807702,0.0008532377629721484,HPF2013,,1.2684660701856196,,,
C10,WT,WT_MR766,0.013192840220662952,0.002887847313091241,0.007993568666297095,0.006883717495123187,0.008024752066683764,0.0029748360744541076,MR766,,0.7029207818237233,,,
C8,A333W,A333W_MR766,0.015256601197742472,0.007028889673104636,0.009571654041020158,0.01041024568329145,0.010619048303955755,0.0024321859365385263,MR766,[1.53463462 0.43471912 1.29508281],0.0844748889439001,0.885327197062064,0.5346560989416222,0.8852931970999122
C8,E314S,E314S_DENV2,0.06734365036700186,0.03063828885053514,0.04616191206483408,0.04739096217278126,0.04804795042745703,0.010637805953964274,DENV2,[0.41757478 0.58837451 0.38392308],-0.7694003644732206,0.17728369787731482,0.8996191465727189,0.13317122973023324
C8,E314S,E314S_HPF2013,0.037746578292625704,0.03411840726019148,0.04504755297241549,0.03956585521422414,0.03897084617507756,0.003213807730494493,HPF2013,[0.99306865 0.81949447 0.78427987],-0.14431581374085203,0.392668923191783,0.7749985870548881,0.3772246480638147
C8,K295H,K295H_DENV2,0.14721347713308072,0.16442453536572094,0.14759214915474125,0.15365072894108736,0.15307672055118096,0.00567496032067822,DENV2,[0.91282007 3.15759168 1.22750617],0.5687016095933984,0.3181151877873301,0.9692222340569667,0.26508826620414533
C8,K301H,K301H_HPF2013,0.021211824933586067,0.05279615396890747,0.027509396676706144,0.031213544194409144,0.03383912519306656,0.009651278973465663,HPF2013,[0.55805849 1.26811771 0.4789398 ],-0.2634812898364184,0.3658539993295818,0.27637523762574984,0.35506463386114884
C8,K301H,K301H_MR766,0.009788301863618343,0.012937596629813503,0.007211685096916295,0.009756785291520303,0.009979194530116047,0.0016556817053440824,MR766,[0.98458803 0.80015776 0.97576964],-0.08319487419911314,0.7234174803531563,0.7125911771054295,0.7200943957324959
C8,N439K,N439K_MR766,0.003917493677054611,0.021786111094716343,0.016614043188479168,0.011988830190240494,0.014105882653416708,0.005308484531292796,MR766,[0.39405378 1.3474161  2.24794604],0.2850325447840438,0.654332462011986,0.19431928395898004,0.6453153468710641
C8,N8T,N8T_MR766,0.026443658715643425,0.02239590505333283,0.01301934646386447,0.020126438967961215,0.020619636744280242,0.0039757341748673306,MR766,[2.65992102 1.38513032 1.76156929],0.6603864659227617,0.12884393466626712,0.3006949001654947,0.11768798701668962
C8,S72G,S72G_DENV2,0.10755661717835499,0.08093204832690921,0.10524418862229835,0.09719297077859401,0.09791095137585419,0.008515656032974819,DENV2,[0.66692154 1.55421064 0.87530327],0.031639306924397516,0.7216115871203262,0.9332684988292955,0.7075867954948332
C8,S72G,S72G_HPF2013,0.014248960644689971,0.01763076097305361,0.007914973350736407,0.013922056559120167,0.013264898322826664,0.0028475378996878626,HPF2013,[0.37487361 0.42347555 0.13780003],-1.164592710871805,0.018013398547360348,0.8143849043268646,0.00800661974436205
C8,S72G,S72G_MR766,0.007561427852344575,0.008960380506736186,0.020278571871850257,0.011689477176568878,0.01226679341031034,0.004026193931407326,MR766,[0.7605907  0.55417696 2.74377132],0.30221076528823565,0.8316692791989598,0.29541764319111197,0.8298962020535424
C8,S7P,S7P_DENV2,0.3894733792701767,0.5176254387470968,0.20512552227668931,0.35201230387873345,0.3707414467646543,0.09069585330477996,DENV2,[2.41499029 9.9404251  1.70600432],1.544822568054543,0.09045590848321736,0.1097600174446426,0.05408794284291393
C8,S7P,S7P_HPF2013,0.5980411060207135,0.16450727869386944,0.35062744857579253,0.40736930349088923,0.3710586110967918,0.12556667440133823,HPF2013,[15.7337672   3.95132178  6.10443923],2.151356237775994,0.1219017605554145,0.0022512713582780912,0.060795792921746576
C8,S7P,S7P_MR766,0.05593443962424048,0.11340278168081135,0.10324184477084217,0.09095843440576744,0.09085968869196466,0.017707257707448854,MR766,[ 5.6263467   7.0136764  13.96903169],2.1826392748878938,0.04338024856186065,0.02121670689580186,0.011224475435386686
C8,T315C,T315C_MR766,0.004480900411295067,0.025529992782350196,0.020657859294143523,0.015046643162209605,0.016889584162596262,0.006361760644967737,MR766,[0.45072587 1.57896575 2.79509042],0.4751532723027519,0.47345772997055746,0.14378745057483364,0.4520218723154342
C8,T315Y,T315Y_MR766,0.01711828613448006,0.042090549477812274,0.056281961823983616,0.037495117669616426,0.03849693247875865,0.01144747331262913,MR766,[1.72189823 2.60319447 7.615173  ],1.3813040713715994,0.13345698500616515,0.049307699663936326,0.08044446672470562
C8,T49D,T49D_DENV2,0.044902157603372544,0.03653097343210422,0.020745523605496995,0.03281128498839501,0.03405955154699125,0.007082059166831136,DENV2,[0.27842282 0.70153702 0.17253803],-0.9566806518080404,0.13044571461889448,0.952875854378279,0.07729469250836103
C8,T49D,T49D_HPF2013,0.06080962127640143,0.026748504291687087,0.038899786052041654,0.04189778516446843,0.04215263720671006,0.00996620461087402,HPF2013,[1.59983054 0.64247581 0.67724698],-0.02718165322607082,0.7788381905372953,0.2637181157909155,0.7756533375409578
C8,T49D,T49D_MR766,0.008697329443108352,0.02716229583282669,0.022014924396321432,0.018066711382483724,0.019291516557418825,0.005501559131619087,MR766,[0.87484904 1.67991958 2.97870672],0.612203781021185,0.2784814644908409,0.18337673056085438,0.2529373087764689
C8,V33I,V33I_MR766,0.014738427242661188,0.01923295233057787,0.016550391201232875,0.017160963412536378,0.016840590258157314,0.0013055459344603684,MR766,[1.48251242 1.18950966 2.23933367],0.49293773459801077,0.14861469179686004,0.7995020818853215,0.12353868196561538
C8,WT,WT_DENV2,0.1612732689758159,0.052072766850798057,0.12023739920943168,0.10551083776771614,0.11119447834534853,0.03184607892872925,DENV2,,-0.9566806518080404,,,
C8,WT,WT_HPF2013,0.0380100390603469,0.041633480604924375,0.0574381094289259,0.04478898221820193,0.0456938763647324,0.005964550551838604,HPF2013,,-0.02718165322607082,,,
C8,WT,WT_MR766,0.009941520249852561,0.01616880721962999,0.007390766021788567,0.011059715246130638,0.011167031163757038,0.002607035964962546,MR766,,0.49293773459801077,,,
MZ4,A333W,A333W_MR766,0.010776678198151451,0.01424936136769506,0.009852431352608656,0.012232277724317354,0.011626156972818389,0.0013384641734526881,MR766,[0.90427866 1.55369417 1.0140691 ],0.1461305861324123,0.44697954458652056,0.28232079274552696,0.43851092600475544
MZ4,E314S,E314S_DENV2,0.0040247967365223064,0.00625188802368159,0.005709440473864777,0.005311275839598929,0.005328708411356225,0.000670497720081063,DENV2,[0.30881338 0.84526156 0.49839669],-0.596340164319646,0.07183704031951575,0.8624485959940228,0.04275165818921596
MZ4,E314S,E314S_HPF2013,0.03400254237699345,0.02932432892052808,0.039269404209148595,0.03450425035813341,0.03419875850222338,0.0028725717977643177,HPF2013,[1.89819959 1.99252856 1.76768732],0.634531611560826,0.01350721974315829,0.3638195654627586,0.011514731982439078
MZ4,G182D,G182D_MR766,10.0,10.0,10.0,10.0,10.0,0.0,MR766,[ 839.10704797 1090.3605641  1029.25771915],6.893901534556874,7.061847528745425e-09,1.0,2.9921812627495147e-16
MZ4,K295H,K295H_DENV2,0.007326875014416076,0.006708655595484552,0.0089226944700134,0.007693811159900776,0.007652741693304676,0.0006595791218114413,DENV2,[0.56217423 0.907017   0.77889268],-0.2885340311076946,0.21122377478851992,0.8662978918618146,0.1743678696714731
MZ4,K301H,K301H_HPF2013,0.43400454308307646,0.38289035864892906,0.5136940348432893,0.4445930130513661,0.44352964552509827,0.03805892847015018,HPF2013,[24.22840139 26.0166218  23.1236111 ],3.1968842298709643,0.007759451196936224,0.0032472956903860195,0.00036755163646847084
MZ4,K301H,K301H_MR766,2.5195851262861066,1.4983588526161984,1.4186742090451843,1.7497988438287941,1.8122060626491632,0.35443676697880777,MR766,[211.42016374 163.37514038 146.01813806],5.156779612531617,0.036579528806059136,5.6097826328138e-06,0.0070612976125608365
MZ4,S368I,S368I_MR766,1.287991116678449,0.7154658414353685,1.3368195029584766,1.0814223225149722,1.113425487024098,0.19947845536507472,MR766,[108.07624237  78.01157385 137.59317925],4.681146160228263,0.03117473496783936,1.7710316313119782e-05,0.005223960039552743
MZ4,S368N,S368N_MR766,5.860874482017995,4.11505245731291,4.950440272164317,4.850772697371495,4.975455737165074,0.5041305933992514,MR766,[491.79010851 448.68909187 509.52788633],6.1807114341205365,0.010152078731806971,2.772928627063927e-06,0.0005960874439283911
MZ4,S368V,S368V_MR766,0.5391632318400477,0.459468536452724,0.1585896646814965,0.32513547372569646,0.38574047765808944,0.11588202333287778,MR766,[45.24156678 50.09863726 16.32296366],3.6168746199553707,0.08348822091801249,5.2477250516829055e-05,0.03167274020948438
MZ4,S72G,S72G_DENV2,0.0030317442853740615,0.0045115570985481,0.0035829649980649216,0.003752888787349955,0.0037087554606623613,0.0004317904278964019,DENV2,[0.23261875 0.60996707 0.31276933],-0.954204500397897,0.04661539385562975,0.9379605698499633,0.016243779886299586
MZ4,S72G,S72G_HPF2013,0.018536499123245526,0.03269264978720989,0.02965028233603746,0.028122655558608177,0.026959810415497623,0.0043022525019507565,HPF2013,[1.03480424 2.22139912 1.33468865],0.4254620536878555,0.1708988216021069,0.20315577226859888,0.14613982867671646
MZ4,S72G,S72G_MR766,0.016813125882180802,0.020061234837803133,0.0513590919443893,0.028561084133158603,0.029411150888124415,0.011013955396130507,MR766,[1.41080124 2.18739793 5.28617418],1.0856816425141864,0.22378865738911988,0.005775952848225233,0.15811921623674388
MZ4,S7P,S7P_DENV2,0.003724119743777767,0.0038276801750229167,0.003452120080164979,0.003673173701241052,0.0036679733329885544,0.00011199056626312929,DENV2,[0.28574312 0.51750622 0.30134743],-0.999131931275722,0.052962141209167354,0.9955703233975002,0.014416849614560872
MZ4,S7P,S7P_HPF2013,0.004292140268047873,0.010665113964346903,0.00412405939684484,0.005678190522453845,0.006360437876413205,0.002152884883231275,HPF2013,[0.2396097  0.72467282 0.18564192],-0.9589160560770527,0.017575600625120254,0.504493322308409,0.017572903260705115
MZ4,S7P,S7P_MR766,0.00027363742663626356,0.001817149262028893,0.0044597123978651855,0.002107187624279358,0.0021834996955101137,0.0012222200287824903,MR766,[0.02296111 0.19813479 0.45901934],-1.4841053134888662,0.00774605947868899,0.32054444940960675,0.00549755050363233
MZ4,T49D,T49D_DENV2,0.0002953420391286039,0.0004808629510086797,0.00045840731714223454,0.00040719936186935107,0.0004115374357598394,5.845822303663693e-05,DENV2,[0.02266091 0.06501316 0.04001595],-3.156761955806603,0.025837583155592002,0.998789116898137,0.003694664394013319
MZ4,T49D,T49D_HPF2013,0.014470305995162958,0.03614531520153178,0.02630065697247482,0.02676097924993895,0.025638759389723185,0.0062657824021049085,HPF2013,[0.80780809 2.45600072 1.18390739],0.39377846186649723,0.3633694683213069,0.10730060049499737,0.32947123396553724
MZ4,T49D,T49D_MR766,0.007342323760078513,0.006129168872973217,0.007429161253279721,0.00729008783790344,0.006966884628777151,0.00041960733755817624,MR766,[0.61609956 0.6683004  0.76465216],-0.38123498234577496,0.04023656206001799,0.8001030855998713,0.024504176332798087
MZ4,V33I,V33I_MR766,0.00832759751129142,0.017548988434208664,0.013897479831137228,0.012660057522817226,0.013258021925545769,0.002681118699851656,MR766,[0.69877458 1.91347249 1.43040884],0.29828959042460756,0.38285513652488135,0.08928460796407207,0.34721035739706807
MZ4,WT,WT_DENV2,0.013033103632368134,0.007396394542003411,0.01145561478641686,0.010470833950999743,0.010628370986929467,0.0016789254073357786,DENV2,,-3.156761955806603,,,
MZ4,WT,WT_HPF2013,0.017913049074436208,0.014717143586284053,0.022215130352876533,0.01871330251254003,0.018281774337865597,0.0021723198143856334,HPF2013,,0.39377846186649723,,,
MZ4,WT,WT_MR766,0.011917430587933707,0.009171278134271519,0.009715739618877145,0.010191297722188497,0.010268149447027456,0.0008394851176696552,MR766,,0.29828959042460756,,,
SiGN3C,A333W,A333W_MR766,0.1526335094788169,0.6700643044262918,0.3625783283645727,0.3392453193891346,0.3950920474232271,0.15025147069192904,MR766,[0.32616609 1.08767783 0.23042759],-0.6013148573156117,0.2927495013660232,0.8417124851550463,0.26362062858991125
SiGN3C,E314S,E314S_DENV2,0.08085518848114767,0.10255478339124488,0.07004382576628647,0.08394316654382541,0.08448459921289302,0.009558940982447472,DENV2,[1.26708699 1.13845559 0.84881212],0.08138171702166594,0.6701821897824962,0.40018358681463917,0.669281452246537
SiGN3C,E314S,E314S_HPF2013,0.24616448560406579,0.2900210704680411,0.401051916999255,0.3071029221652792,0.3124124910237873,0.046092518868496364,HPF2013,[0.53116673 0.74887066 0.60019344],-0.46721773733060395,0.13273842862251156,0.76807944286143,0.11274450843810332
SiGN3C,K295H,K295H_DENV2,0.025082188936140472,0.052129005845412586,0.06079424514553225,0.04523588258826957,0.04600181330902844,0.010754760278734416,DENV2,[0.39306464 0.57868152 0.73672292],-0.5630145939447773,0.07512402273168431,0.3451463427104444,0.06907887732457572
SiGN3C,K301H,K301H_HPF2013,0.7001432856892779,0.42041884690357123,0.11352160365133812,0.41423274421425316,0.41136124541472907,0.16940363983476808,HPF2013,[1.51074928 1.08557403 0.16989053],-0.08113275030367156,0.6508410169777359,0.19690226302846464,0.6418652722417678
SiGN3C,K301H,K301H_MR766,0.3921561295102564,0.29467350207495496,0.9588774974630011,0.6087058630600328,0.5485690430160708,0.20707525725839704,MR766,[0.83800753 0.47832698 0.60939061],-0.4433097050962586,0.4601135661324595,0.7368153694903868,0.4504054927417298
SiGN3C,N439K,N439K_MR766,0.32645710639175035,0.3264021004456866,0.30800309141676735,0.3136363521138941,0.3202874327514014,0.006142191192424082,MR766,[0.69761377 0.52983023 0.19574366],-0.745713100809141,0.24418649366839681,0.9996858365705422,0.17801087531961468
SiGN3C,N8T,N8T_MR766,0.5925392993073362,0.3249287545811506,0.25416642166616765,0.39579073770637574,0.3905448251848848,0.10304230946864652,MR766,[1.26621098 0.52743863 0.16152911],-0.42813067972804564,0.28677528055822704,0.9187413059420333,0.24249535404683972
SiGN3C,S72G,S72G_DENV2,6.852489179948141,5.628379748998756,3.4835406816289267,5.291930484118152,5.321469870191941,0.9845639900253196,DENV2,[107.3858094   62.48036589  42.2145923 ],4.258354892679846,0.03349871678244348,6.288474163029521e-05,0.005986611577512332
SiGN3C,S72G,S72G_HPF2013,3.3385471401480373,2.358336977241842,3.361371654628369,3.017380875923249,3.0194185906727498,0.3306064701562995,HPF2013,[7.20382213 6.08952093 5.03045396],1.8095883096535208,0.012727959990674668,0.060479912332306464,0.001808019001988675
SiGN3C,S72G,S72G_MR766,9.068528680619565,2.971545626417603,6.231718844954806,5.652773987015303,6.090597717330659,1.761461227721926,MR766,[19.37874937  4.82354346  3.96041304],2.239386327246415,0.09282997631349271,0.03724964043836625,0.044151512926083845
SiGN3C,S7P,S7P_DENV2,0.8058874809634031,1.2763896523555223,1.1601874632694504,1.0696297260863035,1.0808215321961254,0.14150063201569885,DENV2,[12.62911581 14.16913855 14.05950016],2.6114843437171875,0.019109209100448176,0.003035452512602819,0.002111165677232046
SiGN3C,S7P,S7P_HPF2013,0.40716817896777785,1.0166203681504962,0.3486539263527314,0.5676413840512909,0.5908141578236684,0.2135721392601302,HPF2013,[0.87857592 2.62504089 0.52177733],0.29401054187549297,0.7405282265073907,0.1336401360474515,0.7313173252066472
SiGN3C,S7P,S7P_MR766,1.4496591249113622,1.8786890446686935,3.6021591114002773,2.1776107616876255,2.310169093660111,0.657760169683683,MR766,[3.09781022 3.04957063 2.28926212],1.03397218872861,0.15032200750424915,0.21720408134852112,0.1278772265071346
SiGN3C,T315C,T315C_MR766,0.42272859820535275,0.6645214951393048,0.7838543887859758,0.6863182885096856,0.6237014940435445,0.10622721484741,MR766,[0.90333855 1.0786805  0.49815905],-0.19028191739467828,0.5341286587336134,0.9140787419974067,0.5095067662232454
SiGN3C,T315Y,T315Y_MR766,0.8566640695226755,0.6970361285347558,0.8918866434742032,0.8165498939607919,0.8151956138438782,0.05994832609653706,MR766,[1.83062533 1.13145968 0.56681625],0.16237427470567375,0.858417152064231,0.9709337406936567,0.8505768906617956
SiGN3C,T49D,T49D_DENV2,0.017511744908198974,0.011224984070010881,0.007907647251418789,0.011735641764017533,0.01221479207654288,0.0028162896908041266,DENV2,[0.27442771 0.12460799 0.09582724],-1.802086718049268,0.007487407926901677,0.88487348809059,0.0013097253879366273
SiGN3C,T49D,T49D_HPF2013,0.2607856191145308,0.3174427699641156,0.20164725585436002,0.25795940732760864,0.2599585483110021,0.03342984348637799,HPF2013,[0.5627158  0.81967692 0.30177479],-0.5773409061133083,0.08365387124408456,0.8629370643988534,0.052540142508137225
SiGN3C,T49D,T49D_MR766,0.8846986744781228,0.8796843376872231,0.9060802276855596,0.895431433626596,0.8901544132836352,0.008093404035314817,MR766,[1.89053313 1.42794228 0.57583663],0.26090474630766913,0.9911933413343097,0.9994546554634041,0.9906602255155578
SiGN3C,V33I,V33I_MR766,1.4803009310667679,1.583922172343316,2.357229029102802,1.798133582716354,1.8071507108376288,0.2766610185648401,MR766,[3.16328941 2.57109208 1.49807795],0.8799668614534415,0.10967932550394277,0.6106535291026752,0.10627383274703261
SiGN3C,WT,WT_DENV2,0.06381186879412822,0.09008237497466376,0.08251982292848954,0.07834761883758148,0.07880468889909384,0.0078078281100373795,DENV2,,-1.802086718049268,,,
SiGN3C,WT,WT_HPF2013,0.46344108442203225,0.3872779166475735,0.6682044369915144,0.4995009227082544,0.5063078126870401,0.08388105616933257,HPF2013,,-0.5773409061133083,,,
SiGN3C,WT,WT_MR766,0.46796253493370693,0.6160503479444667,1.5735022537985326,0.8171236334196587,0.8858383788922354,0.34647929410424855,MR766,,0.8799668614534415,,,
ZV67,A310D,A310D_MR766,8.002487627078768,10.0,10.0,10.0,9.33416254235959,0.6658374576404108,MR766,[611.97989304 389.07191347 613.42752092],6.288155497134581,0.005068569484981685,3.235199281148011e-05,0.00015139896611173666
ZV67,A333R,A333R_MR766,10.0,10.0,10.0,10.0,10.0,0.0,MR766,[764.73706872 389.07191347 613.42752092],6.378560019130002,1.439619260053396e-07,1.0,1.2435015120405577e-13
ZV67,A333W,A333W_MR766,10.0,10.0,10.0,10.0,10.0,0.0,MR766,[764.73706872 389.07191347 613.42752092],6.378560019130002,1.439619260053396e-07,1.0,1.2435015120405577e-13
ZV67,T315Y,T315Y_MR766,0.031422111502945375,0.029753671077611257,0.05156161014697121,0.03669544151541567,0.037579130909175945,0.007007810347266207,MR766,[2.40296534 1.15763177 3.16293107],0.8070007559151162,0.09264896764352096,0.22604808566794515,0.07333923707036653
ZV67,WT,WT_MR766,0.013076389793281604,0.025702189373555312,0.016301844405345375,0.01767846221606748,0.01836014119072743,0.003787265636438578,MR766,,0.8070007559151162,,,
