site,abs_diffsel,positive_diffsel,negative_diffsel,max_diffsel,min_diffsel
443,19.874638142331218,0.0,-19.874638142331218,0.0,-2.043445637398579
375,19.5809103998323,0.26286892020462915,-19.318041479627674,0.18993547570151276,-3.2237871150211874
149,16.915391371103738,0.0,-16.915391371103738,0.0,-2.2711398466541266
152,15.426549650661471,0.06525962299709805,-15.361290027664372,0.06525962299709805,-1.8801524391573217
29,14.50563108456299,0.0,-14.50563108456299,0.0,-2.1117998476078297
403,14.355937818062378,0.30710236887509823,-14.04883544918728,0.16181977017662788,-2.177458610820799
344,13.984782937326253,0.33171617471690346,-13.653066762609349,0.33171617471690346,-1.7990364563242003
148,13.303683819515326,0.0,-13.303683819515326,0.0,-2.052748431710921
349,12.705519462552155,0.062188081274488605,-12.643331381277665,0.03463693326505918,-1.637242831985527
81,12.581374829134706,0.0,-12.581374829134706,0.0,-1.3121397653418563
161,12.404560321525702,0.0,-12.404560321525702,0.0,-1.2229589229612117
350,11.79037880114901,0.4570608998456948,-11.333317901303316,0.29231790384798667,-1.558711583076066
352,11.026923181831679,0.027592413281239514,-10.99933076855044,0.027592413281239514,-1.1959231840064035
281,10.79724517814229,0.0,-10.79724517814229,0.0,-1.2389321451418367
88,10.141492462275115,0.23337224650504235,-9.908120215770074,0.23337224650504235,-1.5752255686861207
27,9.739556299742235,0.00017061167299961685,-9.739385688069236,5.6870557666538954e-05,-1.10920293336669
49,9.688914869246265,0.12326172130670483,-9.56565314793956,0.12326172130670483,-1.6485582218844392
391,9.624297394694201,0.007250728135637929,-9.617046666558563,0.007250728135637929,-1.3774757988618673
351,9.584254027522764,0.5863286656528663,-8.997925361869898,0.47071900821565416,-1.3544949713222336
84,9.436730226558268,0.019362965800082822,-9.417367260758185,0.019362965800082822,-0.9609013120704251
230,9.165470878132622,0.4388268771739,-8.726644000958723,0.29721037687781043,-1.1686136076402882
397,9.14236939112202,1.0532482420277074,-8.08912114909431,0.7974396610449686,-1.666150735783292
150,8.913309455280352,0.06348864748886056,-8.849820807791492,0.06348864748886056,-1.6024861839717441
315,8.846125843725112,5.1415411507634685,-3.7045846929616437,1.1812756258170842,-1.043405118066341
47,8.844671347183235,0.3959724994904963,-8.44869884769274,0.2957588560880115,-1.4133439058156523
7,8.751950962530126,7.152007421661781,-1.5999435408683447,2.315716843636312,-0.7021397158666675
399,8.418251104875413,0.2928413170395441,-8.125409787835869,0.1692086848332472,-1.5949368415841376
317,8.351997857652693,0.6733962682725417,-7.678601589380152,0.43398968277765915,-1.3463526678380038
354,8.135767842114719,0.0013540490141094649,-8.13441379310061,0.0013540490141094649,-1.1616262186328299
69,8.039764240213643,0.41413730300529666,-7.625626937208348,0.2422020297662125,-1.163919410357105
355,7.917921942589615,0.3812622691123902,-7.536659673477224,0.27890816176385036,-1.381208300998011
447,7.911390398190038,0.5410470327973229,-7.370343365392714,0.22735172988213473,-1.6024706152943544
480,7.903529402469609,0.6071836475694536,-7.296345754900155,0.5980420354170237,-1.2049259250032751
451,7.886489939387178,0.18906414128480975,-7.697425798102368,0.15420738718052135,-1.726834094596051
283,7.872369448921012,0.290853440748173,-7.58151600817284,0.1728832900502509,-1.3174938481545941
435,7.775821434943974,0.03993648500033456,-7.735884949943639,0.03993648500033456,-1.1796780845815664
439,7.663571169044963,1.4063244324959712,-6.257246736548992,0.40196140206146874,-1.1328535002626139
166,7.654088648900925,0.05967211156689288,-7.594416537334032,0.051799648829928845,-1.2665982017182198
432,7.611510687273545,0.3839076920566761,-7.227602995216867,0.3839076920566761,-2.320292470149499
373,7.60600306130676,3.612940249041507,-3.9930628122652534,1.5488926818438555,-1.2888556760044705
488,7.556552853832927,0.34374045144532106,-7.212812402387606,0.2759466587522542,-1.710502800961081
280,7.487875871805194,0.28452068124964325,-7.203355190555552,0.15393334254189425,-1.1932260387649607
431,7.480910736790494,0.04825271797430032,-7.432658018816193,0.04825271797430032,-1.3621640762224452
85,7.466171296524631,1.4835512321735727,-5.9826200643510585,0.8300342612053095,-1.1295576398790543
156,7.420109942599243,0.03304230769149654,-7.387067634907746,0.025044740314735102,-1.3148387381202085
147,7.273843284202265,0.9454099016065681,-6.328433382595698,0.275653175678307,-1.7233226260773526
66,7.151645691948519,0.33933140673399564,-6.812314285214523,0.17404847578644272,-1.4796263659986117
122,7.107388529107628,0.5380874622324636,-6.569301066875165,0.23740899542672161,-0.7931738075252868
471,7.095749952019657,0.0,-7.095749952019657,0.0,-1.5820720396966426
409,7.0764543320768425,0.08127240828419266,-6.995181923792651,0.0702461261392624,-1.3819171853031709
154,6.994521971739391,0.05624148712195961,-6.93828048461743,0.04939228541002438,-1.601528881180636
120,6.9408630196256995,0.41187993175556004,-6.528983087870139,0.22760812147161563,-1.0818568741091608
162,6.899960883689251,0.1357982842414466,-6.764162599447804,0.09247490555058577,-1.2880005404493877
64,6.830215237769063,0.2649175239454506,-6.565297713823613,0.11321052270582832,-1.097444649270455
386,6.75632052271236,0.01940995878166104,-6.7369105639306985,0.01940995878166104,-1.843437538648594
413,6.718341986554674,0.2484231547367901,-6.469918831817884,0.18450463461151292,-1.4753462845838492
159,6.6962608938205825,0.31111549262569965,-6.385145401194883,0.21059826314449825,-1.0238920113689138
68,6.628452468847309,0.8426391601117763,-5.7858133087355315,0.469900230185023,-1.3797391464586597
309,6.626332105872574,0.22825104679291014,-6.398081059079664,0.13188868804005432,-1.5418481463340656
463,6.593464446418067,0.0,-6.593464446418067,0.0,-0.964278775309052
151,6.502750819637526,0.9462933718209983,-5.556457447816528,0.5562929206013363,-1.6677553702584915
459,6.4763010567017165,0.16800925995099736,-6.308291796750719,0.09710802929067168,-1.3127127011231938
369,6.436239799425627,0.2237875465905818,-6.212452252835045,0.22354243859133732,-1.6033756280285805
353,6.434924992490021,0.7855614340230661,-5.6493635584669555,0.25589999533445057,-1.3526866533129795
244,6.384584293241535,0.07141509945257707,-6.313169193788959,0.07141509945257707,-0.9857817734383602
487,6.3547912107725475,0.3485598509097921,-6.006231359862755,0.3485598509097921,-0.9608589566132238
346,6.23839311651524,0.8332527353047012,-5.405140381210539,0.490777606781606,-1.1973855655290997
469,6.229656823315001,0.4385992325436148,-5.791057590771387,0.26638820978794137,-1.3061551150346915
311,6.202956802232612,0.48483387460101435,-5.718122927631598,0.3080842917948877,-1.5994083945620414
455,6.146859158943304,0.20297359790587996,-5.943885561037423,0.13598515744981876,-0.9572461399286303
444,6.108190274459012,0.6011954364473344,-5.506994838011678,0.29374734173505673,-1.3657220993597208
307,5.987817192497794,0.26850263522079376,-5.719314557277001,0.2679803458040798,-0.9507229390454157
475,5.98001516878556,0.20418430969244888,-5.7758308590931104,0.13747856612185935,-1.1856236882515545
494,5.941065583545463,0.0,-5.941065583545463,0.0,-1.4749421945499692
158,5.929432022877829,0.2705533477261666,-5.658878675151662,0.16772032019800076,-0.9509178268405639
484,5.804232005358805,0.4821476909738863,-5.322084314384919,0.26251767092539324,-0.8030152129042467
393,5.798595080733743,0.36564251830282146,-5.432952562430921,0.2289669993629182,-1.0302445063934949
482,5.797964487559654,0.8479924482613375,-4.949972039298316,0.27594400641036104,-1.4810122628155715
219,5.794958248424507,0.28479287480370874,-5.510165373620799,0.2045279344106123,-1.401545056077769
83,5.791696935669585,0.5016033210197369,-5.290093614649849,0.15549668448694934,-0.9949724771969477
165,5.776523604248168,1.139049248015086,-4.637474356233082,0.3816445560380027,-0.939807779556034
278,5.770884960844063,0.25706354365425643,-5.513821417189806,0.2291823656798595,-0.6953714225463999
347,5.732759347430202,0.23116095059084332,-5.501598396839359,0.21237706716033947,-1.6701722342829233
489,5.730872839360734,0.024485441343070024,-5.7063873980176645,0.024485441343070024,-1.206197984979409
470,5.7300651378869265,0.5835838285206221,-5.146481309366305,0.28034853547565886,-1.1740878858504953
58,5.693876682442687,1.4855149845143791,-4.208361697928307,0.7174045917140545,-1.3721293972739226
468,5.654772739337741,1.304915419113015,-4.349857320224725,0.43113831447117706,-1.1191453116468577
467,5.6386332642806885,0.5860480284286566,-5.052585235852031,0.30648846692648457,-1.1143080051792247
37,5.620352017973873,1.098825261171839,-4.521526756802034,0.45463548877733306,-1.1556581225961657
500,5.609268710390856,0.0,-5.609268710390856,0.0,-1.2705330672878756
427,5.60411942509406,0.5508172807596606,-5.0533021443344,0.1691311246010281,-1.1597798875756626
442,5.5595577716514475,0.4735817655924153,-5.085976006059032,0.23754115173931417,-1.0882890860076206
486,5.55624944627456,0.1614301380067016,-5.3948193082678575,0.10758336208830213,-0.9890739484486881
155,5.533320591037399,0.11581373672785042,-5.41750685430955,0.10177646071285136,-0.9767435282490038
479,5.479752641037309,0.7138846958512393,-4.765867945186068,0.3203287083943576,-0.888381684811845
41,5.464388441181784,1.0976538813531078,-4.366734559828676,0.5019191584868903,-1.6945318241881828
423,5.349455239513569,0.14182363075086363,-5.207631608762705,0.06761731780669053,-1.5356506816482485
233,5.284897872872179,0.13046120808240405,-5.154436664789775,0.11832738946775911,-1.0510332145449055
368,5.233003066959395,0.14863380451848215,-5.084369262440913,0.08473549087859807,-0.958446327568045
401,5.222512811033989,0.14719194180337375,-5.075320869230615,0.06700823126890572,-1.3436226737433343
371,5.118209470216002,0.2125232821958648,-4.905686188020137,0.21239064399861718,-1.2490800809706335
86,5.116534520714981,0.08253734419878336,-5.033997176516198,0.07210508371723293,-0.8273676457291247
426,5.079931172721097,0.18141786702596305,-4.898513305695134,0.18141786702596305,-0.7417817026826975
71,5.006552215109852,0.11648570419180428,-4.8900665109180474,0.08744796733938444,-1.2171630723057298
277,4.939251861236015,0.45544942720734266,-4.4838024340286715,0.1580486623399286,-1.2881911759176548
129,4.916501000541672,0.14270015188330115,-4.773800848658371,0.06693994253942777,-1.0796632047070562
207,4.8875691883043455,0.4649101504442116,-4.422659037860134,0.22369720706923069,-0.7989868953914823
1,4.8823345439840695,0.5520797528462671,-4.330254791137802,0.3158007139118365,-1.8339282050972159
208,4.845015286196048,0.695075069399153,-4.149940216796894,0.48210522516737503,-1.1477431986031381
473,4.8289456058350675,0.5653445044884797,-4.263601101346587,0.33766239941282294,-1.3642915617064983
46,4.775419252286165,1.7522716383098462,-3.023147613976318,0.3903232804700588,-0.8949310029031491
422,4.704185847134108,0.18875058263677796,-4.51543526449733,0.09928620693399567,-0.8413469934534804
140,4.6800833830483075,1.5725945654965878,-3.1074888175517197,0.38060475080009,-0.9330576539316839
160,4.6797696094005055,0.42561499046804496,-4.2541546189324615,0.21947037814312145,-1.0804356309268461
91,4.662009648510538,0.7351587845996911,-3.926850863910847,0.4679393094874368,-1.0704287140130777
187,4.66156853976868,1.6405859430515357,-3.020982596717144,0.9287438266072636,-0.8810371901050063
267,4.655077564474939,0.35210789701640055,-4.302969667458539,0.13518408980002583,-1.1130197114481524
394,4.649749754992233,0.36330492456189534,-4.286444830430337,0.25614187077366596,-0.9581204445931538
493,4.601288485916558,0.17323380071003003,-4.4280546852065275,0.14665350227346957,-0.8133709410422798
412,4.5770897432972015,0.8505933797051418,-3.7264963635920596,0.4822660257752734,-0.7410035164766271
503,4.531363876274074,0.038682378049978414,-4.492681498224096,0.02602418926188594,-0.8322008369346339
95,4.521401789549343,1.465451883384051,-3.0559499061652913,0.5397863956228569,-0.8177514520868587
232,4.5172852044690535,0.4005051227577959,-4.116780081711258,0.20540674091940686,-0.9170655523859791
331,4.5095149707916145,0.42802514845768236,-4.081489822333932,0.29540486622518575,-0.6854069952043943
55,4.5082299425909635,0.6650646897638003,-3.8431652528271623,0.34701683388202137,-1.162214699065883
97,4.46374729272821,1.6099904601279444,-2.8537568326002645,0.7585736263562329,-1.024153735555028
438,4.4616029119837295,0.6366434777466965,-3.8249594342370323,0.2811899831764754,-1.362869480894558
227,4.441513913749686,0.26364751276501486,-4.177866400984672,0.135174767262096,-1.081042210737991
94,4.436662181106186,0.5166045169979354,-3.9200576641082505,0.3084532465702848,-1.3386237028538086
464,4.432231689025215,0.46420634199597455,-3.968025347029241,0.13050722571276063,-0.8901163857217297
229,4.4263851755580035,0.6644240316131471,-3.761961143944856,0.2554340793551589,-1.450666554954847
483,4.413686562519329,0.5234709536925469,-3.8902156088267814,0.3379219416162485,-0.8071219880777589
495,4.4031315769326325,1.1643291976688284,-3.2388023792638037,0.7181223757169339,-1.4522208159395427
282,4.395536493127494,0.8065444222292557,-3.588992070898238,0.4051240217325519,-1.211226723030564
333,4.392217279830228,1.439841519725774,-2.9523757601044536,0.5515830366988721,-0.6511644411805213
93,4.386547243272179,1.2466401277660202,-3.1399071155061598,0.4448143039819207,-0.763819948708701
481,4.37989397451116,1.0473431092705114,-3.332550865240648,0.5182080142230081,-0.7315030034718202
62,4.378390073773979,0.4553346517859139,-3.923055421988065,0.4050427543607566,-0.8654135122124883
96,4.353036694233631,0.0,-4.353036694233631,0.0,-0.8678680400011112
348,4.345619405282041,0.24543853777756286,-4.100180867504478,0.17695612385446713,-1.850605228076282
392,4.333273854192319,0.21946751339043374,-4.113806340801885,0.14683567868466826,-0.7580888187387493
185,4.3284303395930355,1.3492094115341253,-2.9792209280589113,0.6217207230185694,-0.5267022109294428
254,4.310616283018692,1.4797232700328642,-2.8308930129858263,0.9661797961121408,-0.8185233286333018
157,4.290053357970557,0.6703708392756001,-3.6196825186949564,0.37005302260948475,-0.6216974787285549
36,4.2710248169712095,0.18098575827979546,-4.0900390586914135,0.12626956742977538,-0.8331307775025696
87,4.261402590120046,0.6386973568243604,-3.622705233295685,0.4317298033268856,-1.2894353494665145
474,4.212709931464064,0.18287156700050936,-4.029838364463555,0.120588358616454,-0.7958466538100171
458,4.206673893558363,0.6761176404157698,-3.530556253142593,0.2358238776800739,-0.9829481032887314
231,4.1527190454869665,0.4058111160562017,-3.746907929430764,0.19840506294121668,-0.8314811066879064
163,4.076372308909161,0.7736058162424332,-3.302766492666727,0.4175955882015342,-1.1087674428654755
164,4.062356435596547,0.08988519976840413,-3.9724712358281424,0.08084055494051745,-0.8118884080250683
89,4.015785903191069,0.36869645287500985,-3.647089450316059,0.19340678993437094,-1.1408406697907223
235,4.013328034470161,0.4231815626622293,-3.590146471807932,0.19695768679596984,-0.6111340680498006
496,3.985912568585703,0.2564260018737331,-3.72948656671197,0.14829730652596235,-1.9004431608779704
276,3.9623582985460226,0.3510657368832637,-3.611292561662759,0.1490451422189095,-0.5541753121996815
181,3.9603172675807183,0.22583100371893214,-3.7344862638617857,0.20874649339843857,-1.1270183177873534
128,3.9560831459351298,0.32053945869769107,-3.6355436872374383,0.22666223229060295,-0.9644939528448202
301,3.945423952034023,0.7523666973876251,-3.193057254646398,0.2727789993237456,-1.0235875419241165
477,3.945014659415517,0.3384278249806532,-3.606586834434864,0.3372083770965796,-0.7659464359643906
306,3.9447947362822595,0.750136956490085,-3.1946577797921742,0.4980856984797194,-0.8744646649033191
196,3.9241261277738952,0.5255396858030422,-3.3985864419708527,0.5222042530699188,-0.61416692703533
256,3.9226645906697444,0.5015500873185424,-3.4211145033512014,0.15414256108055552,-0.7989835539929717
478,3.8907928512155268,1.153351470333042,-2.7374413808824856,0.3681488325571361,-0.7303193512655464
490,3.8767944491031336,0.1479651286583243,-3.7288293204448086,0.1479651286583243,-1.0241873721013925
320,3.8649257761634503,1.8272976650101682,-2.0376281111532824,0.7285753891516379,-0.7768947973420303
396,3.846122339651557,0.15321986480842983,-3.6929024748431267,0.133081158962932,-0.9352238018027232
374,3.8045988577902015,0.13910127519450965,-3.6654975825956924,0.11158513522361221,-0.9050823428149185
61,3.7913226342958,0.45893235342006683,-3.3323902808757326,0.2926351804850794,-0.9039745310797725
67,3.7565885716166956,0.5408152590485936,-3.215773312568102,0.5071597513490692,-0.7958423579556129
462,3.7419777752509527,0.5429653800064509,-3.1990123952445018,0.34223715955229816,-0.66209005044329
491,3.6737498579442303,0.12981546147397083,-3.54393439647026,0.06246768702653065,-0.7058440816383922
329,3.673635833469615,0.5916455589478424,-3.0819902745217727,0.46351729523820334,-0.8042540387842981
234,3.661289012088564,1.3891113066478602,-2.2721777054407033,0.3935018651783422,-0.5626324726019842
310,3.633454831837278,0.26770680372971034,-3.3657480281075687,0.10577358656715337,-0.6461494284468945
52,3.538486195514678,0.22447887034060937,-3.314007325174069,0.2228095935630549,-1.3120857217716282
388,3.5020732172682374,0.27165177469211116,-3.230421442576126,0.11864925104953725,-0.7953726781526961
237,3.4542377650255767,0.25081537261721304,-3.2034223924083634,0.18021671135199227,-0.6655860530689045
77,3.4223630693961473,1.3358665358515251,-2.086496533544622,0.6237613230165343,-0.9382939687683235
8,3.4080739889038054,0.5031824498592096,-2.904891539044596,0.48925834311098926,-0.7819733226083995
395,3.403053366200893,0.2527479001529552,-3.150305466047938,0.21550383953106506,-0.8231990550572409
456,3.387411543102906,0.12068609197504898,-3.266725451127857,0.12068609197504898,-0.9861163834250224
304,3.3595967547075842,0.24883777108707733,-3.110758983620507,0.13354155307933918,-0.9718568801749699
201,3.3594036362679702,0.9728378729700146,-2.386565763297956,0.40161639334827876,-0.6855320364806028
284,3.3108452597344566,0.2276202512604917,-3.0832250084739647,0.2016971422449365,-1.3212750787115781
146,3.3044277430801268,0.3150326982557587,-2.989395044824368,0.1160568081471252,-0.9748012638292117
136,3.3006416101587863,0.9270904685231964,-2.3735511416355894,0.3707964179133783,-0.9051166699511726
460,3.2806799599436247,0.19960275182476295,-3.0810772081188618,0.12299353933446153,-0.8039006945347683
286,3.2734736231620194,0.1946439411429025,-3.078829682019117,0.14256100603031005,-1.029641399656836
485,3.2721980622170297,0.2554964537218689,-3.016701608495161,0.1687607845291703,-0.889111256951485
366,3.244825826174684,0.5417258513144046,-2.7030999748602795,0.33480687771954704,-0.7232167595933722
124,3.208327679272822,0.9521966931856796,-2.256130986087143,0.4668966941160025,-0.7625289240353316
205,3.1650023089570407,0.18167204899956108,-2.98333025995748,0.18069681614530061,-0.576736793964951
437,3.085947431347093,0.2875001153268381,-2.798447316020255,0.2162691964693567,-1.2849582810906928
253,3.0767245889314307,1.538558913733031,-1.5381656751983994,0.671037989498959,-0.7777862841180359
6,3.072451824331612,1.2034133754740066,-1.8690384488576042,1.0149367698620135,-0.7349937286817214
240,3.0680434851980376,1.1386238534053725,-1.929419631792665,0.33823710609601687,-0.9164070504384462
287,3.0268381460913636,0.858766375532817,-2.168071770558546,0.4481219473281103,-0.9883585990294301
434,3.020438257844691,0.57732191573565,-2.443116342109041,0.40535475692635836,-0.8666624465612583
82,3.0093964646449094,0.20448680236023514,-2.804909662284674,0.20448680236023514,-1.073358360820465
43,3.0083464397972035,0.22727293179880728,-2.7810735079983964,0.22727293179880728,-0.7825221556529247
51,2.9654490804399622,1.135670236438925,-1.8297788440010372,0.5892616279496459,-0.4264444760205036
28,2.957138046799587,0.7126609900699393,-2.244477056729647,0.28158429190116674,-0.6611739454241699
192,2.9436422384147454,0.15574961733845588,-2.7878926210762893,0.09214085025535888,-0.7998162258136725
372,2.9255209550622077,0.8554053471856968,-2.07011560787651,0.5293009410737025,-0.6037563225062235
345,2.919590469202922,0.2039685398030868,-2.7156219293998354,0.10826238735814639,-1.1017098380542687
313,2.9105010671782425,0.35683137596059855,-2.5536696912176438,0.1922452423583786,-0.5575155246900553
257,2.90980017577174,0.48725188304136824,-2.4225482927303714,0.30146535398795427,-0.8538277651866325
466,2.8931872529419533,0.7198440894610338,-2.17334316348092,0.4420834253954796,-0.8048896989181162
461,2.8329462015313935,0.29459899673949863,-2.538347204791895,0.1566798893206571,-0.5945191796736483
72,2.813799501768829,0.06323787551844548,-2.7505616262503834,0.06059371606530639,-1.4234587948819917
241,2.786627569609158,0.17905818458370004,-2.607569385025458,0.17905818458370004,-0.774183809972402
501,2.784971679188231,0.26132334907528426,-2.5236483301129473,0.12975454167224953,-0.5761953693676446
138,2.7839186973797747,1.5446399416625083,-1.239278755717267,0.40022341466210926,-0.44624353461475896
21,2.775585833441451,0.5064694364895026,-2.2691163969519486,0.3018936229371838,-0.534918629176057
327,2.7733959174159173,0.4848830514415999,-2.288512865974318,0.2720288727657811,-1.2944856107415266
364,2.763996597687865,0.5404636507933629,-2.2235329468945024,0.22792010640483246,-0.673255087680386
472,2.747980669749365,0.272973431748068,-2.475007238001297,0.1730721331030512,-0.5531139685530216
65,2.740277819802945,0.0,-2.740277819802945,0.0,-0.886504939871452
123,2.668330080322746,0.1550018405955626,-2.513328239727183,0.0552741089952833,-0.5968295452413181
428,2.6509326050874473,0.5748801366886763,-2.0760524683987716,0.3516889865179092,-0.39151645403189816
452,2.569029562784835,0.666692958970549,-1.902336603814287,0.3554590860748534,-1.1151080098881436
335,2.556090034902102,0.0,-2.556090034902102,0.0,-0.9495714514834065
365,2.536404332817225,0.15289645978888605,-2.383507873028339,0.1290588021052904,-1.0132870458041427
182,2.527198460167582,0.646958320462369,-1.8802401397052135,0.26098413010520255,-0.45260563241144824
48,2.5150268094213803,0.9949451708328343,-1.5200816385885456,0.4041719533600411,-0.6664135852029169
328,2.5033121721410065,0.12721779976700937,-2.376094372373997,0.1048421568701361,-0.6851775010507767
419,2.49678247268041,0.8689593610029467,-1.6278231116774633,0.3860523074046045,-0.758417419197549
15,2.485880973773333,0.45736509097532246,-2.0285158827980103,0.3352730263265635,-0.8739115312836822
457,2.4743384789032064,0.20605895862774332,-2.268279520275463,0.14478119245114926,-0.7110385218273809
2,2.419664970770423,1.3053577071242572,-1.1143072636461664,0.7079148704374715,-0.6865005607224751
195,2.3961093029417353,0.6348303155420891,-1.7612789873996462,0.42878517426363716,-0.9656239844639583
178,2.378477625001818,0.5608515868629389,-1.8176260381388794,0.1730349669652727,-0.5855433658651871
398,2.3778156567489455,0.46606098530315554,-1.9117546714457898,0.33027266509796804,-0.6681088725333936
199,2.368403083557888,1.4188828486495717,-0.9495202349083164,0.32101620568972555,-0.41058130850828595
421,2.3648576882870884,0.5211058008733366,-1.8437518874137517,0.21967245048851303,-0.8841027851228814
112,2.343795219855614,0.452344172084104,-1.8914510477715094,0.3091860023374452,-0.7715507283282582
194,2.313160806407498,1.1834551553924537,-1.1297056510150445,0.5655408138777843,-0.3239930532486236
238,2.311755956855006,0.5120978432204476,-1.7996581136345589,0.45312173754371515,-0.32001697840493504
215,2.2959399519440264,0.2999517597074455,-1.9959881922365812,0.18097951935528223,-0.8800259004060098
441,2.290731534815002,0.009254954987764845,-2.2814765798272374,0.009254954987764845,-0.5802149494904176
142,2.2756907458123083,0.6424620145530987,-1.6332287312592098,0.6321184465178473,-0.6153713862125458
143,2.2628594157017528,0.07102458001964443,-2.1918348356821085,0.029689462230602086,-1.281316709256791
126,2.261997679211862,1.3461959074656313,-0.9158017717462306,0.3928232351913987,-0.21677664713988523
411,2.241974553125948,1.2265478862913806,-1.0154266668345666,0.5903483405024975,-0.6413796665588726
358,2.237718420161092,0.6951218651891382,-1.5425965549719534,0.39793610726737016,-0.5576898716590905
31,2.211310058786991,0.2440981548129344,-1.9672119039740554,0.18318068826451972,-0.4925572788804997
429,2.207326597766445,0.14386800666680113,-2.0634585910996437,0.09276945859992736,-0.5972024079306146
326,2.2005026008305384,0.6548363503717245,-1.5456662504588141,0.43368442137939117,-0.8618116338660174
200,2.183789868485083,0.1903881120793793,-1.9934017564057034,0.1405609451801038,-0.8697444741152326
45,2.177159636606189,0.7664322710806302,-1.4107273655255588,0.6001882833514366,-0.611508629419792
502,2.1441507309439443,0.19384748240086613,-1.9503032485430791,0.19384748240086613,-1.0368810174707492
131,2.141758878410534,0.9566289779007067,-1.1851299005098272,0.4289463472014348,-0.4127253990905649
449,2.129911153722859,0.6416004588982732,-1.4883106948245863,0.6192069720847961,-0.48273694814642354
33,2.122239569371756,0.12230632505620215,-1.9999332443155526,0.08519354364376427,-1.3059848508950263
316,2.112900894116454,0.25572460043840917,-1.857176293678045,0.25572460043840917,-0.48295980313874676
387,2.105983696146535,0.8639551512913343,-1.2420285448552015,0.5225094235440736,-0.6217910256106524
179,2.1036839899945536,0.7193529029026141,-1.3843310870919394,0.26404813219341483,-0.48651811556182006
275,2.0999759379152088,0.044103813974779596,-2.055872123940429,0.026687157652239325,-1.1783830950408354
193,2.0873061305358114,0.33881424153535283,-1.7484918890004586,0.32329818861841775,-0.5504403586871589
226,2.086535471541888,0.9119038446849969,-1.1746316268568906,0.24542681823677723,-0.26569969940496885
16,2.030225284562995,0.32123842980471173,-1.7089868547582834,0.23537195023877538,-0.8995313684771572
12,2.01894234515477,0.6439449555880891,-1.3749973895666807,0.3803778647808193,-0.932562553589548
74,2.010223710613939,0.5559547388968008,-1.4542689717171378,0.5371899253407073,-0.4286786777804547
132,1.9964698838969752,1.079988688434034,-0.9164811954629413,0.33160419927438356,-0.35018190100819363
378,1.9937789887652098,0.320190905077681,-1.673588083687529,0.30401490862495173,-0.7933458066160337
406,1.9692994850059298,0.2646618582505014,-1.7046376267554284,0.21793458482114061,-0.7456207522215564
300,1.9549231773304574,0.46859787360451927,-1.4863253037259383,0.2375149628543526,-0.7277223492368341
285,1.9536739533759435,0.5295377188345712,-1.424136234541372,0.4506203495581391,-0.5726681553494204
202,1.9445129755513633,0.37714146867393317,-1.5673715068774299,0.19189325730994491,-0.4962347573390832
424,1.9330694915561926,0.04208336318719699,-1.8909861283689957,0.02159314691260277,-0.5937638286732986
440,1.931889898106521,0.13776272544396434,-1.7941271726625565,0.13776272544396434,-0.4533364784286825
367,1.9249627129787963,0.15015677370672428,-1.7748059392720723,0.08245425098094628,-0.49823993265692773
445,1.9123462685157513,0.2953236735346165,-1.617022594981134,0.14901096984989542,-0.7375077287244357
172,1.9123452610034561,0.16437921916523468,-1.7479660418382215,0.06166757890803659,-0.496085628678431
274,1.8988667220091493,0.43417369465539013,-1.464693027353759,0.36019643773637117,-0.47617160007779064
343,1.8899323649017714,0.9268601550531229,-0.9630722098486478,0.40759204866737003,-0.5865652076362352
370,1.8880997613780308,0.6481634256006085,-1.2399363357774225,0.3122737989302563,-0.3378534036654519
4,1.8822397212222106,0.33777945931856485,-1.5444602619036456,0.24959238323807212,-1.0130950552879
279,1.869916629246883,0.6209281166661125,-1.2489885125807707,0.23925890453283682,-0.4659257885967367
247,1.8627467935487176,0.11365658190025638,-1.7490902116484612,0.06841873159252065,-0.8259172704644723
292,1.8616095063708558,0.840169858074651,-1.0214396482962047,0.39040448410611694,-0.4252511001721606
363,1.80153161389718,0.1666149625201812,-1.634916651376999,0.11037197919249016,-1.0183508022843086
44,1.7893609946902083,0.9073074377982895,-0.8820535568919182,0.4227621507241469,-0.28600928721453284
297,1.7695052827268647,0.9190941846648624,-0.8504110980620021,0.5917586492530325,-0.3090008171840307
499,1.758437869708323,0.7218390549215286,-1.0365988147867948,0.37692314279005235,-0.60160734756802
414,1.7545063891835446,0.14193795021798425,-1.6125684389655606,0.06724744012930235,-0.7656641970911411
436,1.7542070648323316,0.3248757051049833,-1.4293313597273483,0.1584483727413019,-0.6331175798962867
218,1.7541564599401627,0.058415216154744286,-1.6957412437854182,0.058415216154744286,-0.5547605133152425
168,1.7390812794967385,0.35932286247151146,-1.3797584170252273,0.1988232198948245,-0.3319368219514928
362,1.738025301554968,0.4432976074316849,-1.2947276941232837,0.23413851579005188,-0.617810038519843
418,1.7282177724840253,0.8241235845745146,-0.9040941879095105,0.36216774858144607,-0.7724212350905567
38,1.7050601408707469,1.369255536215491,-0.3358046046552561,0.6525497656059318,-0.13941649276326817
433,1.7011290123210545,0.0,-1.7011290123210545,0.0,-0.8797235410155423
106,1.6863542727135212,0.7578363146625909,-0.9285179580509302,0.4458249167936156,-0.6836354254497319
454,1.684995528046928,0.7001927488360237,-0.9848027792109039,0.28017897534589026,-0.3920549109226769
210,1.6827258588383724,0.448227615328222,-1.2344982435101504,0.44573144886765165,-0.30089690018031
206,1.6651451827641108,0.24766642891873974,-1.417478753845371,0.13305635551488917,-0.6505369462984365
53,1.6555030876825327,0.27881814327990495,-1.376684944402628,0.1564681504860858,-0.563854801869244
42,1.6553411860364171,0.46718916756583606,-1.1881520184705812,0.2502228293864477,-0.5244683720385128
57,1.6469298160682107,0.47394305100680006,-1.1729867650614105,0.47356397532485256,-0.4242848903949558
476,1.6368703110491167,0.44926069555437775,-1.1876096154947389,0.17936841692893138,-1.103406418879006
135,1.6124897791493311,0.16089676383695356,-1.4515930153123777,0.11661798821226906,-0.6834147765784901
337,1.6111578221491911,0.3731261592384901,-1.2380316629107009,0.304326718733647,-0.5646187445828464
23,1.609878966236637,0.6468710339328267,-0.9630079323038101,0.2546433831024192,-0.44974055576260524
430,1.6051816013020903,0.0,-1.6051816013020903,0.0,-0.5088717299069023
298,1.6045853167656843,0.5788176202260613,-1.0257676965396227,0.27108566053853944,-0.641594306809475
197,1.603502048343127,0.7671080900934328,-0.8363939582496949,0.21648645701142302,-0.30351164485297555
203,1.5973045932547747,0.4568521026933725,-1.1404524905614022,0.2916320298782611,-0.27111144914646823
22,1.5950134690200317,0.05255737202572904,-1.5424560969943026,0.05255737202572904,-0.5083583480250893
209,1.5880953813362593,0.6867884539364165,-0.9013069273998422,0.3403060278769984,-0.27096940919329476
10,1.5873547919580424,0.0,-1.5873547919580424,0.0,-0.4317043390885414
70,1.5818995743750472,0.19266365525279222,-1.3892359191222552,0.1684016746247396,-0.8101355187664779
59,1.578824689485359,0.31112458211026545,-1.2677001073750935,0.20782976624783359,-0.547834963815278
389,1.5486101861215218,0.10990950261166124,-1.4387006835098606,0.09870293007464566,-1.0579175718557252
34,1.5427618141986907,0.16528033436392245,-1.3774814798347683,0.07683725095363117,-0.5101029937959908
465,1.5420259697358165,0.5302912009484858,-1.0117347687873306,0.3377604821550005,-0.381299166459808
90,1.534669379307347,0.0,-1.534669379307347,0.0,-0.836952803880074
407,1.53132873239483,0.12175981169551653,-1.4095689206993134,0.12175981169551653,-0.45899717732254003
18,1.528349067792221,0.24057921309012578,-1.287769854702095,0.21442331135251638,-0.9730861339678419
76,1.5182104454569374,0.0,-1.5182104454569374,0.0,-0.7287316608031408
113,1.5146259185251174,0.4362571938650414,-1.0783687246600757,0.4121357649023426,-0.411610478301478
251,1.5101586423915,0.3529644211795783,-1.157194221211922,0.28711003729681744,-0.3726844033395581
259,1.5060231977801453,0.23201499111951723,-1.2740082066606282,0.23201499111951723,-0.6042548468488966
125,1.5034845887136516,0.5582308029373317,-0.9452537857763197,0.3048283082576485,-0.38267664047529015
446,1.500727070038791,0.4057642140128711,-1.0949628560259197,0.1893290025446519,-0.81546056146148
290,1.5005784386872927,0.9358764630826288,-0.5647019756046638,0.381707831223361,-0.16889942220233484
248,1.4749383065335897,0.29724019016718495,-1.1776981163664053,0.2930002286638277,-0.6144232652936339
273,1.4519114263065953,0.34325196198384456,-1.1086594643227508,0.1776743218290216,-0.3284745394283797
24,1.451690590191641,0.34787528174815224,-1.103815308443489,0.16187783179490736,-0.5707437075020656
114,1.4412410499818318,0.6131670680286563,-0.8280739819531755,0.44263191617897313,-0.2563005114708883
13,1.4394118194608447,0.19761669156125738,-1.2417951278995873,0.14908496416637598,-0.5655891934248272
118,1.4230965995555036,0.4746294581934192,-0.9484671413620844,0.2004704387429291,-0.4242022431212707
79,1.4073267334915718,0.24070380514238018,-1.1666229283491916,0.16203894301550587,-0.42187181446508254
153,1.404194704058778,0.31486607716043535,-1.0893286268983424,0.12927449459219398,-0.48195076319952673
376,1.4026577161568354,0.4460143672316086,-0.9566433489252266,0.23260099152432936,-0.4810260713343892
293,1.399832462900829,0.5039652587192233,-0.8958672041816057,0.22940596775620126,-0.6039396912947264
416,1.3991434360388681,0.4861742275917888,-0.9129692084470795,0.27266196237821205,-0.5477612810551565
322,1.3896148724209187,0.4254597081600732,-0.9641551642608451,0.3536623501929298,-0.5285336055020979
73,1.3838938620164718,0.9039548328980724,-0.4799390291183993,0.24334798684014597,-0.18329501533029147
305,1.3758361570830926,0.39281003541988674,-0.9830261216632057,0.23467162898102728,-0.7900378067029361
405,1.3745751618521016,0.21106076132243012,-1.1635144005296716,0.18930688609347354,-0.47591295310712134
314,1.3685181958133257,0.6066560821235911,-0.7618621136897347,0.4099276327905731,-0.34665148928216133
78,1.363209212074224,0.8441768661670668,-0.5190323459071572,0.45642326277717543,-0.2961064258001421
492,1.3630219494194815,0.3253014661657281,-1.037720483253753,0.2852002906450643,-0.8459652044921789
56,1.3621314046411364,0.3421289776345119,-1.020002427006625,0.34139575129656413,-0.40378754132917
40,1.3600669920327317,0.36121944127801286,-0.9988475507547192,0.19770569667664084,-0.5448466533086774
417,1.3557878802777772,1.2386445707439946,-0.11714330953378262,0.4496414817658553,-0.11137874164425568
303,1.3462414827595488,0.495431612555335,-0.850809870204214,0.34459114542136343,-0.2303151663805862
225,1.3446005705513453,0.4994148017747547,-0.8451857687765905,0.18611162370062773,-0.4107281082902904
139,1.3368459454047006,0.09111005121066104,-1.2457358941940395,0.06701371536402177,-0.9064138191533404
319,1.3297983847729646,0.12715220089553314,-1.2026461838774312,0.04938137705955324,-0.3442939472353187
379,1.325295587985849,0.7159887516509773,-0.609306836334872,0.4223811383209625,-0.18181233439607838
198,1.3231365506728048,0.39643475400394174,-0.9267017966688625,0.39643475400394174,-0.40524190584504194
323,1.3136742581010867,1.184456717427089,-0.12921754067399766,0.6366638101227746,-0.054280734088131076
50,1.3123554849727828,0.06293848166760041,-1.2494170033051823,0.06293848166760041,-0.40526721307723046
402,1.3042749172426995,0.3946161455283854,-0.9096587717143141,0.17141147852111555,-0.4242831830350867
296,1.297280133397926,0.29299915508531754,-1.0042809783126088,0.24398493719625208,-0.29791847922495795
381,1.2873239063017354,0.32281409881256695,-0.9645098074891685,0.22317406074085042,-0.6413767283399722
80,1.2753154581755748,0.23414803410413207,-1.0411674240714428,0.23414803410413207,-0.3536295252434226
415,1.2670622825214615,0.24565008192786425,-1.0214122005935973,0.1373163944542795,-0.3559058910915426
448,1.2628051704388332,0.3410896560882672,-0.9217155143505663,0.2018509205390302,-0.28467041860502007
228,1.261938501547162,0.9532450705902276,-0.3086934309569344,0.4438411092231214,-0.27863567199302486
425,1.2468149245725546,0.11352337590538691,-1.1332915486671677,0.061608646323547636,-0.40835531324767416
295,1.238455163114847,0.6338708839053192,-0.6045842792095275,0.3466477421830474,-0.494211213916454
63,1.215512705393889,0.35625156507168376,-0.859261140322205,0.24415692150829188,-0.4699145908119989
288,1.2075560954902282,0.23542957219251148,-0.9721265232977165,0.21040544607993925,-0.4304712587579888
32,1.206341662922726,0.32717802415984026,-0.8791636387628854,0.3243785139602717,-0.3065625918978168
75,1.205656901717423,0.02624298209009988,-1.1794139196273232,0.02624298209009988,-0.6129164071838462
246,1.2040684207575987,0.4003751423871403,-0.8036932783704585,0.11899722516529351,-0.2898977323425909
262,1.1873716239323155,0.0896129948867552,-1.0977586290455603,0.06952884530614485,-0.4201530620513375
30,1.1819026144045113,0.03499526008711919,-1.146907354317392,0.03499526008711919,-0.4680242193893324
214,1.1575539746468089,0.6453344267586876,-0.5122195478881213,0.4375182541145299,-0.22061013873197002
216,1.1532007600572478,0.6711552824297546,-0.4820454776274926,0.31818620034399475,-0.18232007542972764
60,1.1383131294151376,0.4068278039832264,-0.7314853254319114,0.3745212822663232,-0.4527574492336667
109,1.133629447529794,0.2591851307705878,-0.8744443167592065,0.1897534672940901,-0.5872964966590153
11,1.1218600612098837,0.136460802961325,-0.9853992582485592,0.12186285967187653,-0.5299309687759558
260,1.1189330822519634,0.7639062306715828,-0.3550268515803805,0.3616429826666542,-0.15865703658487185
167,1.114652203099073,0.20840243267976957,-0.906249770419304,0.10569340000418719,-0.7279556331542675
330,1.1119323751390404,0.1070468058866981,-1.0048855692523422,0.08989418972877712,-0.5912095068789972
19,1.1055553952534687,0.0,-1.1055553952534687,0.0,-0.4744593088002014
204,1.1025936451839868,0.796082258189815,-0.30651138699417196,0.39128804827122077,-0.18345831467238272
35,1.0935714135868944,0.5179385698839175,-0.5756328437029767,0.49283270771433785,-0.40104788886590514
189,1.0841989788027702,0.4165833685018305,-0.6676156103009394,0.15246368830802007,-0.5872702060070041
130,1.0804502989279283,0.18209103334745544,-0.8983592655804731,0.18209103334745544,-0.43421197525613586
100,1.0788270606526154,0.23284294111240816,-0.845984119540207,0.23284294111240816,-0.2717150454837955
25,1.0614298507402935,0.1767096584205637,-0.8847201923197299,0.11421578757671011,-0.5351268320729765
270,1.0519099956455609,0.3628713073565643,-0.6890386882889963,0.21476387390762217,-0.23249727273069754
17,1.049920280756728,0.4323499040541501,-0.6175703767025781,0.282203276861449,-0.4546033796098768
268,1.049100354220778,0.36724945618511773,-0.6818508980356607,0.18098576392483395,-0.4357069653686942
121,1.0365358219361918,0.9156572371870051,-0.12087858474918683,0.39707533571512804,-0.06839997597169929
144,1.0350375970133026,0.1779135167407784,-0.8571240802725241,0.1779135167407784,-0.30221939489971833
359,1.0279407020138194,0.19868793036552615,-0.8292527716482933,0.1617649670739651,-0.5392875396006841
188,1.0267283388780166,0.09998121821621817,-0.9267471206617983,0.09998121821621817,-0.26121577600821555
173,1.0211535465853172,0.24942388887089104,-0.771729657714426,0.2245162537013338,-0.5746106218458957
361,1.0180094542167597,0.6051149799218736,-0.41289447429488624,0.3062480526091461,-0.22535803033553087
5,1.0087343770644472,0.0,-1.0087343770644472,0.0,-0.24702228050750047
171,1.0034390403555868,0.3508744301071436,-0.6525646102484433,0.14939659135849578,-0.2382611142474822
339,1.0016509731567733,0.4335259695115656,-0.5681250036452078,0.3836251099078611,-0.2022957457350676
222,0.9914924421479725,0.16111128800537014,-0.8303811541426022,0.10001097139773077,-0.27153307342262123
145,0.9778028275497891,0.35942446007066775,-0.6183783674791211,0.11906943066193065,-0.4412473651700538
108,0.9641217294937188,0.6092522448073452,-0.35486948468637364,0.3560254312682539,-0.20988459759813885
9,0.9595184182114601,0.35764949819762804,-0.6018689200138323,0.2689945406410768,-0.30582529202621767
249,0.9565770729475542,0.6279832001184327,-0.32859387282912145,0.29102622033119685,-0.16681476243081506
115,0.9521329592511875,0.49620960320404695,-0.4559233560471404,0.40109037746739623,-0.3896265737017065
236,0.9330096634273499,0.3791758908736723,-0.5538337725536775,0.377896536626814,-0.16847022312626292
312,0.9324452584486719,0.0,-0.9324452584486719,0.0,-0.2172481250847321
382,0.9300047587799045,0.017610074413222532,-0.912394684366682,0.017610074413222532,-0.34629618626913866
264,0.9263877146194603,0.3283057853271587,-0.5980819292923016,0.1568654556570413,-0.43358640468834153
404,0.9171691526255417,0.42005601616629956,-0.4971131364592422,0.342760074525215,-0.27407877749239706
169,0.9164407120309326,0.4708952920005296,-0.44554542003040315,0.4555339809465496,-0.3619865308705683
119,0.9138524420604577,0.3234630336122499,-0.5903894084482079,0.29957916982935795,-0.23934245646072552
245,0.9077529118015552,0.22375331326706058,-0.6839995985344947,0.1301820439160712,-0.413274945647812
289,0.8984121157342086,0.34333140887017555,-0.555080706864033,0.16978524081910515,-0.4586828472964556
176,0.8978452250150849,0.7944205909771023,-0.10342463403798263,0.34424719348172356,-0.10342463403798263
341,0.8875878326602307,0.8138347810132673,-0.0737530516469633,0.3417570552668844,-0.0737530516469633
212,0.8774404053077574,0.8579047267455656,-0.019535678562191867,0.5727698215972515,-0.016310320048041317
220,0.871604161885816,0.6822211066053996,-0.18938305528041652,0.33880079538811103,-0.1431798362994267
190,0.8696015712252608,0.640226054814024,-0.2293755164112369,0.3751504644569842,-0.21119009362866467
117,0.8684382815465966,0.17738653035772323,-0.6910517511888734,0.11490532189300443,-0.25767033591433963
213,0.8610258926740995,0.6696590461791135,-0.19136684649498586,0.3983284130722016,-0.10465383540676043
98,0.8551068263074459,0.4176327994728175,-0.4374740268346285,0.3775716525952356,-0.13209856546358248
221,0.8521167530499757,0.043677103285127306,-0.8084396497648484,0.016851364245457058,-0.32618657200174495
450,0.850456195680461,0.5101336339372988,-0.34032256174316217,0.2424996740975797,-0.30539890030783917
263,0.8425686620226115,0.8425686620226115,0.0,0.4828357019763113,0.0
498,0.8391312594725363,0.1452400664445998,-0.6938911930279364,0.1452400664445998,-0.33289555681935
356,0.8316777570887826,0.14493355783413503,-0.6867441992546475,0.14493355783413503,-0.37066943636961336
384,0.8304581813341103,0.017590721747024203,-0.8128674595870861,0.017590721747024203,-0.4541165525316589
252,0.8241806770053605,0.2658001142720613,-0.5583805627332992,0.17534667220327135,-0.2247646906400881
101,0.8154718992222408,0.16466851729013438,-0.6508033819321064,0.164402271438073,-0.27477775861893605
321,0.8111745551111679,0.26945488734019724,-0.5417196677709706,0.13306336796322873,-0.24550605466630443
14,0.8099166003031424,0.0,-0.8099166003031424,0.0,-0.3003060602601402
137,0.8096751675179265,0.023322229617501532,-0.7863529379004249,0.023322229617501532,-0.559871986678542
497,0.7852671877094728,0.6349172637047714,-0.15034992400470146,0.42460365119314486,-0.08494343825778408
116,0.7808605484554989,0.11519266181199314,-0.6656678866435056,0.09061828746275326,-0.21981470978871642
336,0.7760109601889555,0.0,-0.7760109601889555,0.0,-0.23132429190213283
383,0.7662649713611691,0.4401375604682898,-0.32612741089287933,0.2506328408963047,-0.1654866799519224
272,0.7654202546083317,0.25436006621958956,-0.5110601883887422,0.1206285119216342,-0.2953957804711057
340,0.7601840433510441,0.2275019664569205,-0.5326820768941236,0.1836001352031798,-0.3312910966071602
239,0.7594495001947799,0.5835559827300723,-0.17589351746470766,0.19670316934339488,-0.09540085300312676
357,0.7465167405032327,0.41511079754057145,-0.33140594296266124,0.3238693399099038,-0.2604733919406404
39,0.7388651211029538,0.28133433372780137,-0.45753078737515224,0.15267108648447827,-0.27896778463563915
107,0.7370876849725756,0.24073679625693087,-0.49635088871564464,0.15616036889310098,-0.308758897759005
211,0.7364610195835816,0.5138197604835639,-0.22264125910001764,0.20440031330778616,-0.114454860246936
170,0.7360471290218124,0.4371643884277112,-0.2988827405941012,0.34848803797381744,-0.18817728420655436
191,0.7200111693146978,0.2835058999113518,-0.43650526940334616,0.15727801426082505,-0.38358473217506434
26,0.7170029545862247,0.16501886849161296,-0.5519840860946119,0.1052206296436857,-0.30861028120109923
183,0.7161588357817266,0.48567700750137954,-0.23048182828034686,0.23132524225622983,-0.11209399038300942
266,0.710430571821148,0.6043561031956253,-0.1060744686255227,0.2522007569053946,-0.1060744686255227
20,0.7066264239147075,0.4563615524253479,-0.2502648714893595,0.23243976596696422,-0.22964083084988246
180,0.6990985206089517,0.4974959930438423,-0.2016025275651092,0.26692670250998785,-0.14340520196977652
255,0.6926460717204629,0.22904767639851548,-0.46359839532194724,0.10897889073250726,-0.25457943099936
186,0.6906753827992189,0.2692613783662598,-0.4214140044329594,0.13975635286088767,-0.2431871449877324
269,0.6896528194663021,0.6434087842678515,-0.04624403519845059,0.5004562420206666,-0.027348961724286143
174,0.6838527874007808,0.2216306140270934,-0.46222217337368743,0.12413632243921828,-0.2753692428212572
54,0.6697395553467882,0.39875566992385275,-0.2709838854229355,0.25519597255023857,-0.20521387939661465
504,0.6628833871308452,0.20120206721676595,-0.4616813199140791,0.14060065402660488,-0.24265305010969604
223,0.6514979132647392,0.28829729313376423,-0.363200620130975,0.2881941492300161,-0.13882038988527196
291,0.6465427695754992,0.029331725096509286,-0.6172110444789899,0.029331725096509286,-0.33143508346934564
127,0.6424111584069008,0.6424111584069008,0.0,0.24404207398240713,0.0
294,0.6423949564724305,0.13510418782825911,-0.5072907686441713,0.08659699446430194,-0.19021723819432754
175,0.641960476093065,0.3389067393314108,-0.30305373676165415,0.20613960207285037,-0.2586728649005237
104,0.637179085341886,0.5727635145916721,-0.06441557075021397,0.24244479730687515,-0.06441557075021397
342,0.6318735591177874,0.26715336857393646,-0.36472019054385074,0.15549474379766676,-0.20430505680925423
224,0.6285486353775048,0.20127392101277014,-0.42727471436473474,0.12212128543150076,-0.2889391789149918
258,0.6218006227929961,0.24330823735525414,-0.37849238543774194,0.1772525155546461,-0.24209210694983962
453,0.6182839278808632,0.0,-0.6182839278808632,0.0,-0.2627108437048237
308,0.6169851852567897,0.13651568214215132,-0.4804695031146383,0.056673697112863256,-0.24044326353537065
385,0.6129781032045265,0.010295157793730969,-0.6026829454107955,0.010295157793730969,-0.2602192517221262
324,0.6052859707056645,0.4116938762443134,-0.19359209446135092,0.18105454305646648,-0.19177091635226037
325,0.5995256925837495,0.5426200601741554,-0.0569056324095941,0.24989831612935007,-0.0569056324095941
338,0.5974941957658324,0.1382626460335141,-0.4592315497323183,0.09983120525426124,-0.17188284305259222
400,0.5779464068381799,0.1743263216375722,-0.40362008520060777,0.13076701674704175,-0.18176504559953466
299,0.5763537211539125,0.141228374402718,-0.43512534675119474,0.141171757019471,-0.15739448346512003
111,0.5736712491911801,0.18178387861519246,-0.39188737057598744,0.1708000427537899,-0.27429178713208896
92,0.5721769064108772,0.3894279363917752,-0.18274897001910187,0.37246135105601197,-0.09460563419834747
103,0.5720246126716225,0.1162738090613805,-0.45575080361024184,0.10095160867145378,-0.1697888261044207
380,0.5666893256377925,0.3629274867023875,-0.20376183893540498,0.22527502956679815,-0.11745111803689971
265,0.5642857828246477,0.23612197014842526,-0.3281638126762224,0.12552147211842207,-0.11884512566542452
110,0.5599312861240242,0.08480353968730316,-0.4751277464367209,0.08480353968730316,-0.2324006196616283
250,0.5544562223975337,0.0476980301457609,-0.5067581922517729,0.03623901029637519,-0.23939283556115615
177,0.5441483187859044,0.054408074802176506,-0.48974024398372806,0.054408074802176506,-0.18690835999209704
302,0.5344274175392256,0.5344274175392256,0.0,0.12268574835041349,0.0
334,0.5301966856045425,0.07207115242689802,-0.45812553317764454,0.07207115242689802,-0.27997883166736814
390,0.5174370472650239,0.48292134371508505,-0.03451570354993888,0.33120332470919456,-0.03451570354993888
105,0.5138204258654812,0.19124724089327444,-0.3225731849722069,0.14092065215180533,-0.09289680593094314
271,0.5100158505081639,0.05526405701051083,-0.45475179349765305,0.05526405701051083,-0.23556058010387865
318,0.5005017632079534,0.08406456154049081,-0.41643720166746256,0.07010884417718209,-0.198144276244595
242,0.49017391618526973,0.12360182514266545,-0.36657209104260424,0.06674087307861278,-0.23956953407489306
3,0.45600651301113954,0.21129364370918308,-0.24471286930195646,0.19062058051076294,-0.15509133880784218
141,0.4532931172735296,0.14503863247618695,-0.30825448479734263,0.10180308386102532,-0.1893070841600538
99,0.44744936972910176,0.29768448964927713,-0.14976488007982464,0.10382846278152451,-0.14976488007982464
332,0.4400084468510236,0.0,-0.4400084468510236,0.0,-0.1273599857490219
133,0.38808573939426644,0.23274618755857251,-0.15533955183569392,0.21415564515209976,-0.07996069681467158
184,0.37816371702420376,0.08239200143820509,-0.2957717155859987,0.047908340691445214,-0.2953407129610296
261,0.36586892470228893,0.3088267432521398,-0.05704218145014911,0.1350811744910926,-0.05704218145014911
360,0.3606047512637388,0.15592717423332697,-0.20467757703041184,0.09249308708966379,-0.11085752620839702
408,0.3472601371827553,0.2212107581534298,-0.12604937902932545,0.12939800348402272,-0.0734886481930382
410,0.3245109843773214,0.0013896970157259631,-0.3231212873615954,0.0013896970157259631,-0.1284699314375846
134,0.32337927068641065,0.07163277601184936,-0.2517464946745613,0.04533461451462184,-0.13085980778252815
377,0.2835173083843914,0.018116519244550457,-0.26540078913984094,0.01445341532295365,-0.2073315365627686
102,0.2292593841722554,0.20299675494825295,-0.026262629224002455,0.0825538432769405,-0.026262629224002455
243,0.22620513686768512,0.08394622388342934,-0.1422589129842558,0.0675532888788131,-0.08638912821030506
420,0.19068593920350596,0.07742883810864018,-0.1132571010948658,0.034200497049795886,-0.1132571010948658
217,0.17518898815265455,0.026763666069269533,-0.14842532208338505,0.026529718875347615,-0.08835344480679719
