C8,WT_1,WT_2,WT_3,S72G_1,S72G_2,S72G_3,E314S_1,E314S_2,E314S_3,S7P_1,S7P_2,S7P_3,T49D_1,T49D_2,T49D_3,K295H_1,K295H_2,K295H_3,71D_1,71D_2,71D_3
10,0.104766894,0,0,0.12217471,0.127986348,0.067340067,0.058139535,0,0,0.586940572,0.395882819,0.273878809,0,0.052438385,0.056980057,0.058754407,0.121728545,0,0,0.060313631,0
2,0.778210117,1.017293998,1.050119332,0.44955045,0.399564112,0.269396552,0.100250627,0,0.17961383,3.302652951,2.746478873,3.121149897,0,0,0,0.420757363,0.768491835,0.681928885,0.309050773,0.636604775,0.423953365
0.4,5.467800729,3.932993445,4.326494202,1.714801444,1.959524574,2.127659574,1.591187271,1.127982646,1.438240271,5.685884692,7.746835443,4.376985528,0.656455142,0.317604356,0.639658849,2.939825448,2.941176471,2.483186756,3.16091954,3.187998125,3.911404336
0.08,11.13595707,7.164582629,9.994655265,6.489262372,4.986574607,6.018518519,4.743651174,3.425621774,4.216578821,11.00840336,10.46202868,8.443496802,4.627862595,4.574861368,3.531073446,5.95521677,6.028368794,5.93487395,8.241758242,8.183856502,8.656265727
0.016,15.35288726,12.13262999,15.51136364,9.06133829,9.396551724,9.662288931,8.187134503,7.46132848,7.516891892,12.0361991,13.26164875,12.47826087,10.14084507,9.176470588,6.873822976,8.24088748,8.360128617,8.88066605,13.62007168,12.80940594,12.12847555
0.0032,18.34625323,14.42346324,15.9650082,10.94059406,10.40856031,9.585253456,9.17343526,8.206278027,8.873563218,13.1059246,13.40009537,11.62489196,11.69888098,11.32264529,11.4886008,8.48806366,10.00931099,9.211147851,13.06329114,14.71486762,12.79287723
0.00064,18.16081331,16.80216802,17.45283019,11.39499234,11.76762661,12.54270376,8.966772872,7.438423645,7.624633431,13.5610766,11.36659436,11.57943492,14.63878327,13.48484848,12.5588697,8.750563825,10.17612524,8.723196881,12.9393785,13.8547486,13.28817092
0.000128,19.89413322,16.37168142,15.68247822,12.53035454,9.857072449,11.9133574,8.955223881,8.831646734,9.009774756,12.33062331,12.05840791,13.54656632,12.164297,13.97273612,11.42284569,9.57490714,8.82061447,8.564476886,13.47378736,14.61388074,13.44165436
0.0000256,17.27861771,16.76136364,17.39130435,10.34176653,11.71954964,10.15250545,9.805544063,9.161237785,10.65539112,12.00369344,12.63669502,13.39083069,11.78781925,11.97969543,12.78784909,8.858603066,8.959376739,8.659491194,12.21073363,14.58454387,13.93188854
no_ab,18.18598259,18.10557474,15.30710173,10.81081081,10.35555556,10.79467157,10.1516428,10.36379019,9.766454352,12.60810196,13.63426992,12.99956083,13.1884058,14.23469388,11.9804401,8.33656456,9.334565619,10.36221917,14.35756744,15.26066351,15.14324693